app,good_count,bad_count,total_count
com.whatsapp,588,1583,2171
com.flex.rupiah.trusta.flexrupiah,580,1564,2144
com.ss.android.ugc.trill,481,1201,1682
com.facebook.katana,446,1100,1546
id.dana,423,1112,1535
com.shopee.id,434,1092,1526
com.google.android.apps.docs,384,994,1378
com.instagram.android,386,976,1362
com.telkomsel.telkomselcm,320,858,1178
com.facebook.orca,304,735,1039
com.google.android.videos,282,725,1007
com.lemon.lvoverseas,285,695,980
com.gojek.gopay,256,705,961
id.co.bri.brimo,260,624,884
com.spotify.music,229,586,815
id.co.bankbkemobile.digitalbank,208,596,804
com.loan.cash.credit.easy.kilat.cepat.pinjam.uang.dana.rupiah,238,532,770
com.shopeepay.id,195,537,732
io.silvrr.installment,219,510,729
app.bpjs.mobile,197,517,714
com.gojek.app,205,487,692
com.google.android.apps.youtube.music,205,466,671
org.telegram.messenger,179,486,665
com.whatsapp.w4b,184,475,659
com.grabtaxi.passenger,184,468,652
id.bmri.livin,190,457,647
com.bca,188,430,618
cn.wps.moffice_eng,187,428,615
com.linkedin.android,176,431,607
com.google.android.apps.photos,153,425,578
com.sahabatmikro,171,396,567
com.fintopia.idnEasycash.google,169,381,550
com.lazada.android,165,370,535
com.google.android.apps.subscriptions.red,156,366,522
com.facebook.lite,117,398,515
com.ktakilat.loan,143,371,514
ovo.id,142,370,512
com.google.android.contactkeys,95,409,504
com.bpjstku,125,378,503
com.asf.singa,151,343,494
com.google.android.safetycore,92,401,493
com.tokopedia.tkpd,152,331,483
com.netflix.mediaclient,151,328,479
com.worldance.drama,134,323,457
com.coloros.onekeylockscreen,127,330,457
com.sec.android.app.popupcalculator,123,322,445
com.mobile.legends,120,319,439
com.stanfordtek.pinjamduit,136,295,431
com.kkii,110,310,420
com.google.android.apps.tachyon,111,293,404
com.id.kredi360,128,275,403
id.bni.wondr,122,281,403
com.finaccel.android,114,284,398
com.yinshan.program.banda,105,292,397
com.intsig.camscanner,110,282,392
com.indosk.sensid,114,264,378
com.google.android.apps.chromecast.app,112,266,378
com.bca.mybca.omni.android,114,263,377
app.source.getcontact,118,255,373
com.sec.android.app.voicenote,103,265,368
com.kwai.bulldog,94,272,366
com.block.juggle,113,252,365
us.zoom.videomeetings,111,252,363
com.taxsee.taxsee,108,254,362
com.samsung.android.app.notes,94,260,354
com.sec.android.app.sbrowser,91,259,350
com.finplus.android,123,226,349
com.google.android.apps.adm,110,236,346
com.iss.client.cairin,109,237,346
com.traveloka.android,116,230,346
com.google.android.apps.magazines,93,247,340
com.mintq.gocash,112,224,336
com.instagram.barcelona,104,227,331
com.rsupport.rs.activity.rsupport.aas2,86,245,331
com.adakami.dana.kredit.pinjaman,97,232,329
com.uatas.android,114,215,329
com.agoda.mobile.consumer,95,227,322
id.co.bankfama.android,88,231,319
com.google.android.apps.podcasts,90,227,317
com.kreditpintar,90,224,314
com.samsung.android.voc,85,226,311
com.coloros.backuprestore,93,213,306
com.srin.fakfak,85,219,304
com.srin.garut,79,225,304
com.twitter.android,80,216,296
com.samsung.android.oneconnect,83,211,294
com.coloros.note,95,199,294
com.smartec.ft,88,205,293
com.qm.adi,104,189,293
com.microsoft.office.outlook,85,206,291
premium.gotube.adblock.utube,86,205,291
com.microsoft.office.officehubrow,84,206,290
com.seekforpinjaman.pinjampasti,83,207,290
com.kredito.fintek,100,186,286
com.cmcm.uangme,80,203,283
com.sec.android.app.shealth,78,204,282
com.alloapp.yump,88,191,279
com.samsung.android.app.watchmanager,81,197,278
com.freereels.app,74,192,266
co.id.lumbungdana.android,85,173,258
com.xiaomi.midrop,69,186,255
com.samsung.sree,68,184,252
com.bnc.finance,68,183,251
com.miui.calculator,69,181,250
turstiq.id.fintech,88,159,247
com.miui.notes,68,175,243
com.sec.android.app.clockpackage,69,173,242
com.miui.weather2,65,176,241
com.android.soundrecorder,68,172,240
com.google.android.apps.authenticator2,77,163,240
com.xiaomi.scanner,66,173,239
com.sec.android.app.kidshome,72,163,235
com.truecaller,68,164,232
com.jeyluta.timestampcamerafree,68,163,231
com.heytap.mall,70,161,231
com.larus.wolf,65,164,229
com.vidio.android,75,154,229
com.pinjamango,78,149,227
com.indonesia.uang.uangin,65,161,226
id.ivoji,65,161,226
com.ecreditpal.cashloan.indo,71,153,224
com.neptune.domino,60,163,223
com.roblox.client,58,165,223
com.openai.chatgpt,59,163,222
com.kpsto.artha.niaga,88,132,220
kopisusu.pinjaman.tabungan.anggotau,71,148,219
com.jago.digitalBanking,56,161,217
com.pegadaiandigital,71,146,217
com.google.android.apps.docs.editors.sheets,66,147,213
com.UCMobile.intl,61,152,213
com.samsung.android.calendar,64,148,212
com.canva.editor,50,161,211
com.pure.indosat.care,65,145,210
com.mi.global.shop,51,154,205
com.lenovo.anyshare.gps,58,147,205
com.miui.screenrecorder,51,153,204
com.oplus.member,62,140,202
com.alfamart.alfagift,61,138,199
com.miui.compass,55,142,197
com.duokan.phone.remotecontroller,50,144,194
com.qpon.platform,57,137,194
id.co.myhomecredit,63,129,192
gov.dukcapil.mobile_id,56,135,191
com.andi.alquran.id,48,142,190
com.samsung.android.app.reminder,57,132,189
com.xiaomi.smarthome,59,128,187
com.google.android.play.games,42,136,178
com.samsung.android.app.spage,49,124,173
com.klik.klikUMKM,58,115,173
com.pinjamwinwin,59,112,171
com.fintech.life,51,119,170
com.dafturn.mypertamina,52,118,170
andes.oplus.documentsreader,47,120,167
com.booking,45,121,166
com.samsung.ecomm.global.gbr,52,113,165
com.adamodal.fintech,53,112,165
bjj.bank.digital.indo.prod,49,113,162
com.icon.pln123,42,120,162
free.vpn.unblock.proxy.turbovpn,49,112,161
com.cloudflare.onedotonedotonedotone,38,121,159
com.tunaikumobile.app,52,106,158
com.samsung.android.game.gamehome,45,110,155
com.modalnasional.fintech,46,106,152
com.apps.MyXL,40,110,150
com.linkit.bimatri,39,111,150
com.tiket.gits,46,103,149
id.cashcash.pro.app,45,102,147
com.google.android.apps.nbu.files,35,111,146
com.honestbank.android,49,96,145
com.indodana.app,45,98,143
com.samsung.android.app.find,42,100,142
com.oceangalaxy.camera.new,40,102,142
com.pinjamplus.id,54,87,141
e.books.reading.apps,30,109,139
com.mi.global.bbs,37,101,138
com.zhiliaoapp.musically.go,31,106,137
com.gojek.gopaymerchant,34,101,135
com.msd.JTClient,46,89,135
com.telkom.mwallet,40,95,135
com.byu.id,26,107,133
com.michatapp.im,38,95,133
com.telkom.tracencare,42,90,132
com.myapp.klikkami,48,83,131
com.grabtaxi.driver2,31,100,131
com.gamma.scan,48,82,130
com.kai.kaiticketing,37,91,128
com.julofinance.juloapp,40,88,128
com.pinterest,39,89,128
dana.pinjam.online.kredi.aku.prima,44,83,127
ru.zdevs.zarchiver,29,94,123
com.temanpinjam.uangpinjammikro,42,81,123
com.miui.huanji,36,86,122
com.microsoft.skydrive,28,94,122
com.microsoft.office.word,30,91,121
com.microsoft.office.excel,32,88,120
co.id.bankbsi.superapp,30,90,120
com.king.candycrushsaga,27,92,119
com.coloros.musiclink,42,76,118
com.kredit.uang.pinjaman.amanah,37,81,118
com.miui.android.fashiongallery,19,98,117
id.go.kemensos.pelaporan,27,89,116
com.google.android.apps.bard,29,87,116
com.plagtibmobile.login.android65d0dd3b9824a,42,74,116
com.storymatrix.drama,39,75,114
com.google.android.music,25,89,114
com.oplus.providers.telephony.permissions.patch,28,85,113
com.valora.fourclueoneword,38,73,111
com.klikcairapp,31,79,110
com.instagram.lite,29,79,108
com.app.tokobagus.betterb,33,74,107
com.bca.halobca.android,37,70,107
mypoin.indomaret.android,38,68,106
com.gojek.partner,23,83,106
com.nearme.gamecenter,27,77,104
com.skorlife.score,27,77,104
com.gpsmapcamera.geotagginglocationonphoto,32,72,104
sinet.startup.inDriver,25,78,103
com.vitastudio.mahjong,37,66,103
com.id.fastkredit.pay,29,74,103
com.ezt.pdfreader.pdfviewer,30,72,102
com.dndigit.pnjaanung,31,69,100
com.xiaomi.calendar,24,76,100
com.samsung.android.app.tips,26,72,98
cn.wps.xiaomi.abroad.lite,18,80,98
com.axis.net,35,62,97
src.com.bni,34,63,97
com.android.deskclock,24,73,97
pinjaman.online.dana.kami.wush,35,62,97
blibli.mobile.commerce,35,62,97
id.turu.mobile,30,66,96
com.google.android.apps.translate,25,70,95
com.pinjamflexi.loan,37,52,89
com.onecard.kredinesia,36,53,89
com.uang.pintar.kredit.kancil,26,62,88
com.tencent.qqlivei18n,35,53,88
com.oakever.tiletrip,31,56,87
com.tunai.cakra.amanah,26,60,86
com.opera.browser,26,60,86
id.loan.pay.fintech,34,52,86
com.miui.mediaeditor,14,71,85
com.ludo.king,28,57,85
com.opera.mini.native,20,65,85
com.newleaf.app.android.victor,19,66,85
com.games.yikegames,20,65,85
com.pinjamsinar.android,21,63,84
com.vuclip.viu,22,62,84
com.samsung.android.arzone,28,55,83
com.bcadigital.blu,30,52,82
id.flip,24,58,82
com.ada.dana,24,57,81
com.macrovideo.v380pro,31,49,80
com.indomaret.klikindomaret,23,57,80
com.miniclip.eightballpool,16,64,80
com.yup.bank.digital.kartu.kredit.debit.pascabayar.pinjaman.investasi,23,56,79
com.fugo.wow,18,60,78
com.yahoo.mobile.client.android.mail,21,57,78
com.sec.android.app.fm,19,59,78
com.dts.freefireth,19,59,78
com.picsart.studio,23,54,77
id.tix.android,17,59,76
com.supercell.clashofclans,15,61,76
com.vidn.credit,18,58,76
com.samsung.android.galaxy,24,51,75
com.google.android.apps.youtube.kids,23,52,75
com.mobilechess.gp,14,61,75
com.pasarkaya.pasarkaya,23,52,75
com.amazon.mShop.android.shopping,20,55,75
com.ada.astrapay,20,55,75
com.tencent.ig,18,56,74
com.amazon.avod.thirdpartyclient,21,53,74
com.taxsee.driver,16,58,74
com.amanah.uang.sahabat,24,50,74
com.microsoft.teams,18,55,73
com.enodow.android,24,49,73
com.grab.merchant,18,54,72
id.go.pajak.djp,23,49,72
com.netshort.abroad,29,42,71
com.google.android.contacts,26,45,71
superapps.polri.presisi.presisi,17,53,70
com.bstar.intl,21,49,70
com.smartfren,16,53,69
com.google.android.apps.docs.editors.docs,22,47,69
com.free.vpn.super.hotspot.open,25,44,69
com.jobstreet.jobstreet,12,57,69
com.paypal.android.p2pmobile,18,51,69
com.fitbit.FitbitMobile,17,51,68
com.cash.credit.marikaya,21,47,68
com.realmestore.app,17,50,67
com.discord,18,49,67
com.cermati.app,20,46,66
com.google.ar.core,12,54,66
com.bitsmedia.android.muslimpro,26,40,66
com.google.android.keep,19,47,66
jp.naver.line.android,20,46,66
com.apollo.walkduitpasti,25,41,66
com.btpn.dc,29,36,65
id.co.bitcoin,19,46,65
com.sec.android.easyMover,14,51,65
com.google.android.apps.youtube.creator,18,46,64
id.co.fifgroup,26,38,64
com.newreading.goodreels,21,43,64
com.wildspike.wormszone,26,37,63
com.shopee.foody.driver.id,17,46,63
com.google.android.apps.googleassistant,15,48,63
com.okeuang.yniyniyni,22,40,62
com.facebook.stella,17,45,62
hk.easyvan.app.client,17,45,62
com.video.fun.app,10,52,62
com.tiktokshop.seller,24,37,61
com.mi.globalbrowser,22,39,61
com.exploresia,16,45,61
id.co.cimbniaga.mobile.android,23,38,61
id.co.btn.mobilebanking.android,11,49,60
com.iqiyi.i18n,16,44,60
app.signal.id,23,36,59
com.view.akses.dana,19,40,59
com.ouiea.tunai.lautan.air,13,46,59
world.social.group.video.share,13,45,58
com.dubox.drive,17,41,58
com.realmecomm.app,13,45,58
com.google.ar.lens,15,43,58
com.coloros.gamespaceui,14,44,58
com.dts.freefiremax,19,38,57
com.preff.kb.xm,10,47,57
com.facemoji.lite.xiaomi,10,46,56
gbid.pengosekan02,20,36,56
com.google.android.calendar,21,35,56
com.nudi.bkn.sapk,17,38,55
com.ekamuliatamaperkasa.rajindompet,14,41,55
com.simejikeyboard,14,41,55
com.android.bbk.lockscreen3,14,40,54
com.adobe.reader,13,41,54
bantu.sjvb.uang.shbgp.llloan,25,29,54
com.hfjio.reels.kl,18,35,53
com.google.android.apps.walletnfcrel,15,38,53
ina.dana.cepat.com,15,38,53
com.google.earth,16,37,53
com.shop.mova,17,35,52
pdf.pdfreader.viewer.editor.free,17,35,52
com.bankmega.msmile,19,33,52
gg.oneesports,15,36,51
com.waze,16,35,51
id.co.shopintar,23,28,51
jp.konami.pesam,17,34,51
com.oplus.ai.magicstudio,10,41,51
net.myinfosys.PermataMobileX,14,37,51
com.senyumkubank.rekeningonline,22,29,51
com.rarlab.rar,20,30,50
com.miui.virtualsim,12,38,50
com.glints.candidate,12,38,50
com.oneplus.brickmode,16,34,50
com.sagadsg.user.mady501857,11,38,49
org.telegram.messenger.web,11,38,49
com.tomoro.indonesia.android,14,35,49
com.coloros.oppopods,6,42,48
com.bigwinepot.nwdn.international,17,31,48
id.com.uiux.mobile,8,40,48
com.krom.android,18,30,48
com.transsion.compass,14,34,48
com.uanglink.pinjaman.terpercaya,19,28,47
com.Earthkwak.Platformer,11,36,47
com.winston.adkpro,16,31,47
sg.omi,12,35,47
com.dramawave.app,20,27,47
com.indo.kknova,18,28,46
com.coloros.translate,13,33,46
com.hidana.android,20,25,45
com.snapchat.android,11,34,45
com.coloros.relax,17,28,45
pdfscanner.scan.pdf.scanner.free,13,32,45
net.metaquotes.metatrader5,10,35,45
free.vpn.unblock.proxy.turbovpn.lite,11,34,45
com.samsung.msci.aceh,10,34,44
id.co.bri.pinang,11,33,44
id.co.adira.adiraku,17,27,44
com.digisaku.pinjaman.online.id,19,25,44
ajaib.co.id,17,27,44
kilat.jioh.pinjam.jfoe.aaa,14,30,44
com.maskas.android,13,30,43
com.mobilelegends.mi,14,29,43
com.mcdonalds.mobileapp,12,31,43
com.amarthaplus.amarthabeyond,15,28,43
org.yuywad.yukkaya,22,21,43
com.ocbcnisp.onemobileapp,17,25,42
lds.cinema21,16,26,42
com.samsung.android.email.provider,13,29,42
yuku.alkitab,10,32,42
mobi.mangatoon.novel,13,29,42
com.xt.retouchoversea,16,25,41
com.imaginstudio.imagetools.pixellab,12,29,41
tuna.jioh.iin.huif.ccc,19,22,41
com.posindonesia.giropos,9,32,41
id.belajar.app,10,31,41
com.nf.snake,10,31,41
id.co.bankraya.apps,14,27,41
com.rapid.short.tv,10,31,41
org.detikcom.rss,10,31,41
com.sapawarga.jds,5,35,40
live.shorttv.apps,14,26,40
com.sukhavati.gotoplaying.bubble.BubbleShooter.mint,12,28,40
com.micredit.in,9,31,40
com.ovelin.guitartuna,13,27,40
com.privygate.privyid,22,18,40
com.google.android.inputmethod.latin,12,27,39
com.block.puzzle.game.hippo.mi,12,27,39
tiktok.video.downloader.nowatermark.tiktokdownload,7,32,39
com.pinjamaja.money.loan,17,22,39
com.mediaplus.kalender,17,22,39
com.logame.eliminateintruder3d,9,30,39
com.downlood.sav.whmedia,10,29,39
com.mintgames.wordtrip,10,28,38
com.heytap.quickgame,6,32,38
com.bd.nproject,8,30,38
com.fun.lastwar.gp,13,25,38
com.uangkawan.android,14,24,38
com.valar.pintu,12,26,38
com.flightradar24free,15,23,38
com.katanlabs.bubblepop,13,25,38
com.samsung.android.spay,14,24,38
musicplayer.playmusic.audioplayer,8,30,38
com.Info_BMKG,10,27,37
com.gulbers.alkitabkidung,5,32,37
jp.garud.ssimulator,12,25,37
com.kreditplus.kpm.android,16,21,37
com.ideo.pjkt,15,22,37
id.go.imigrasi.paspor_online,14,22,36
com.id.bussanautofinance,15,21,36
app.skor.card,14,22,36
com.ss.android.ttmd.video,15,21,36
ctrip.english,8,28,36
com.Free.Drama,11,25,36
com.linkdokter.halodoc.android,9,27,36
com.jewelsblast.ivygames.Adventure.free,9,27,36
id.yessscredit.kredit.pinjaman.cicilan,8,28,36
com.mintgames.triplecrush.tile.fun,11,25,36
com.gold.drama,8,27,35
com.gojek.resto,11,24,35
id.mjs.etalaseapp,9,26,35
com.indo.max,11,24,35
id.go.bpn.sentuh,8,27,35
com.blockchainvault,9,26,35
free.vpn.unblock.proxy.vpnmaster,12,23,35
com.shell.sitibv.shellgoplusindia,10,25,35
com.silvrr.finance,11,23,34
relaxing.music.nostressanxiety,7,27,34
com.snaptube.premium,12,22,34
com.kred.itku,15,19,34
com.taspen.tcds,9,25,34
com.dreamgames.royalmatch,8,26,34
photoeditor.layout.collagemaker,11,23,34
com.snake.io.slither.worms,12,21,33
com.azure.authenticator,13,20,33
com.stockbit.android,9,24,33
id.co.linebank,6,27,33
com.wallet.dana.amanah.go.max,13,20,33
id.co.superindo.mysuperindo,10,23,33
com.zalora.android,7,26,33
com.katanlabs.worm.ioeatemall,14,18,32
com.reddoorz.app,9,23,32
pi.browser,8,24,32
com.bahagia.arbeit,11,21,32
com.jrzheng.supervpnfree,7,25,32
com.bibit.bibitid,9,23,32
com.livescore,8,24,32
org.zwanoo.android.speedtest,8,24,32
com.vivo.easyshare,12,20,32
com.samsung.android.ardrawing,5,26,31
com.danabaik.ccah,14,17,31
id.co.bcasyariah.bsya,11,20,31
com.sakupinjam.android,3,28,31
id.co.dayagroup.alwaysdaya.dam,7,24,31
com.mi.global.pocobbs,11,20,31
com.kopikenangan,6,25,31
com.nebula.mahjongtile,5,26,31
com.samsung.android.app.camera.sticker.local_csc.preload,4,27,31
com.Block.Puzzle.Relax,9,21,30
com.ss.android.tt.creator,10,20,30
com.soundcloud.android,5,25,30
com.amazon.appmanager,4,26,30
com.tof.myquranina,4,26,30
org.mozilla.firefox,12,18,30
com.Cash.Drama,6,23,29
com.adobe.lrmobile,12,17,29
com.football.soccer.league,7,22,29
com.realme.link,2,27,29
com.bsm.activity2,9,20,29
in.startv.hotstar.dplus,16,13,29
eu.livesport.FlashScore_com,13,16,29
com.katanlabs.matchballgame,11,17,28
com.katanlabs.wordconnectwondersofview,8,20,28
com.zyhwplatform.shortplay,10,18,28
com.telkomsel.roli,8,20,28
com.crrepa.band.dafit,6,22,28
com.starmakerinteractive.starmaker,4,24,28
com.photoroom.app,6,22,28
com.snowcorp.stickerly.android,9,19,28
com.instagram.basel,7,21,28
com.jatengprov.bapenda.newsakpole,13,15,28
com.tinder,6,22,28
com.opera.preinstall,4,24,28
com.ea.gp.fifamobile,7,21,28
com.bjbsmb,9,19,28
com.socialnmobile.dictapps.notepad.color.note,11,17,28
com.sec.android.app.music,6,22,28
com.samsung.android.privateshare,8,20,28
id.qoin.korlantas.user,5,22,27
com.connect.enduser,6,21,27
com.tencent.mm,6,21,27
com.hwsj.club,9,18,27
id.kredit.paylater.cicilan.installment.creditcard,8,19,27
com.kabinkitatop.bookcabin,14,13,27
com.asyncbyte.calendar.jawa,7,20,27
net.upx.proxy.browser,4,23,27
com.indo.cashcerdas,9,18,27
com.kfc.mobile,9,18,27
com.gsm.customer.global,8,19,27
com.hecate.phantom,9,18,27
com.fullmetalgamedev.fruitshooting,9,17,26
com.nutech_integrasi.asdpmobile,11,15,26
com.kiloo.subwaysurf,8,18,26
com.lexa.fakegps,9,17,26
com.hifun.drama.video,8,18,26
com.maleo.bussimulatorid,7,19,26
com.xiaomi.wearable,7,19,26
com.bukalapak.android,9,17,26
com.dbank.mobile,13,13,26
instagram.video.downloader.story.saver.ig,4,22,26
com.photogrid.collage.videomaker,9,17,26
com.shazam.android,6,20,26
com.example.loanswift,4,22,26
id.bmri.livinmerchant,13,13,26
com.royalplay.speedx8,9,17,26
com.pgi.gaol,6,20,26
com.danabijak2.mobile,7,19,26
com.pazugames.avatarworld,3,23,26
com.sirma.mobile.bible.android,11,15,26
com.onesports.score,8,17,25
games.spearmint.triplecrush,5,20,25
com.fazz.fazza_android,11,14,25
com.wtv.winkitv,9,16,25
loan.sahabatdana.ccc,12,13,25
com.sec.penup,5,20,25
com.uob.id.digitalbank,4,21,25
com.kitalulus,3,21,24
com.yozo.vivo.office,6,18,24
com.hy.rupiah_kas,11,13,24
com.miui.calculator.go,7,17,24
com.oplus.riderMode,7,17,24
com.akuantri,5,19,24
com.easybjdqer.soeasy,10,14,24
coin.ajaib.co.id,7,17,24
com.dencreak.dlcalculator,8,16,24
funvent.tilepark,8,16,24
com.fta.rctitv,11,13,24
com.bca.msb,8,16,24
com.playfungame.dream,2,22,24
com.PlayMax.playergames,5,19,24
com.google.android.apps.classroom,9,15,24
com.wood.block.sudoku.puzzle.bm,5,19,24
com.ahmadrofiul.siunlimited,3,21,24
com.camerasideas.instashot,8,15,23
com.finaccel.kredifazz.pinjaman.uang.online.tunai.cepat,10,13,23
com.huawei.health,7,16,23
kidultlovin.word.zen,6,17,23
id.co.bri.ceria,7,16,23
com.filemanager.managefile.fileexplorer.fileextractor,8,15,23
com.lalamove.global.driver.sea,3,20,23
com.android.calendar.go,7,16,23
id.bankina.digital,5,18,23
com.commsource.beautyplus,7,16,23
com.blogspot.newapphorizons.fakegps,2,21,23
com.strava,9,14,23
coffee.fore2.fore,6,17,23
com.samsung.android.goodlock,7,16,23
app.market.banses,9,14,23
io.supercent.linkedcubic,5,18,23
app.revanced.android.gms,4,19,23
com.pizzahut.phd,5,17,22
com.google.android.ims,5,17,22
co.talenta,6,16,22
com.chess,6,16,22
com.google.android.apps.kids.familylink,8,14,22
com.dreamgames.royalkingdom,10,12,22
com.shopeepay.merchant.id,7,15,22
com.jakarta.baca.lite,9,13,22
com.astro.shop,8,14,22
id.co.pelni.superapp,7,15,22
com.ezviz,10,12,22
net.bat.store,5,17,22
com.tevi.android,13,9,22
photocollage.photoeditor.collagemaker,6,16,22
com.binance.dev,8,14,22
com.tradingview.tradingviewapp,6,15,21
com.reelbuzz.tv,7,14,21
com.miniframe.hippo,8,13,21
com.read.goodnovel,8,13,21
onet.picachu,9,12,21
id.co.babe,1,20,21
in.redbus.android,6,15,21
com.KatanLabs.tilematchpuzzlemaster,7,14,21
com.kapp.youtube.final,2,19,21
com.billiardsgame.ballking,5,16,21
io.faceapp,4,17,21
com.mobileappruparupa,8,13,21
com.tsel.telkomselku,3,18,21
com.id.pinjaman.sanders.google,9,12,21
com.Reels.Free,7,14,21
com.ss.android.ugc.tiktok.livewallpaper,5,15,20
com.short.luckydramas,6,14,20
com.ledlamp,10,10,20
com.niksoftware.snapseed,6,14,20
com.yy.hiyo,5,15,20
com.shopback.app,4,16,20
com.alodokter.android,5,15,20
com.google.android.apps.meetings,6,14,20
com.shortbox.drama,9,11,20
com.samsung.android.samsungsure,6,14,20
com.meitu.wink,2,18,20
com.telkom.indihome.external,7,13,20
com.zte.iptvclient.android.idmnc,7,13,20
com.android.email,6,14,20
sg.bigo.live,4,16,20
photoeditor.piccollage.grid.collagemaker,7,13,20
com.facebook.pages.app,6,14,20
com.ammana.app,7,13,20
id.co.cicil,5,14,19
com.delta_fx.app,4,15,19
com.voicemaker.android,7,12,19
musicplayer.musicapps.music.mp3player,6,13,19
com.mxtech.videoplayer.ad,4,15,19
shareit.lite,4,15,19
free.vpn.unblock.proxy.vpn.master.pro,3,16,19
org.sabda.alkitab,3,16,19
com.sofascore.results,8,10,18
all.documentreader.filereader.office.viewer,7,11,18
com.simas.mobile.SimobiPlus,7,11,18
aman.hiiooieioh.aydgu,3,15,18
com.nobubank.now,4,14,18
com.ketix.application,4,14,18
com.Avenza,6,12,18
com.dwidasa.bjtm.mb.android,8,10,18
com.ytheekshana.deviceinfo,4,14,18
com.pintarnyakerja,3,15,18
com.dbs.id.pt.digitalbank,4,14,18
com.meitu.meiyancamera,4,14,18
com.bca.smartbranch,4,14,18
com.phonegap.dominos,7,11,18
com.microsoft.office.powerpoint,7,11,18
com.seatech.bluebird,10,8,18
com.popdramas.top,6,12,18
com.vivo.childrenmode,6,12,18
com.brave.browser,5,13,18
pdfreader.pdfviewer.officetool.pdfscanner,3,15,18
com.steadyuang.money.loan,7,11,18
alldocumentreader.office.viewer.filereader,5,13,18
com.mnc.mbanking,7,11,18
com.oversea.marki,6,12,18
com.okepinjaman.kalkulator,6,12,18
com.outfit7.mytalkingangela2,4,14,18
com.alibaba.intl.android.apps.poseidon,11,7,18
com.jt.indonesiaexpress,8,10,18
ai.x.grok,7,11,18
com.outfit7.mytalkingtomfriends,2,16,18
com.binance.cloud.tokocrypto,3,15,18
com.ea.game.pvzfree_row,7,11,18
ins.freevideodownload.pro,7,10,17
com.readygo.barrel.gp,8,9,17
com.stockity.trading,6,11,17
id.co.bri.bricreditcard,7,10,17
com.blitz.blitzandapp1,10,7,17
com.google.android.apps.books,3,14,17
id.easy.fund.fintech,4,13,17
com.worldcoin,3,14,17
com.truedevelopersstudio.automatictap.autoclicker,5,12,17
com.nexstreaming.app.kinemasterfree,4,13,17
prayertime.compassdirection.qiblafinder.hijricalender,7,10,17
com.mi.android.globalminusscreen,7,10,17
br.com.rodrigokolb.realdrum,5,12,17
com.psi.kaspro.app,5,12,17
facebook.video.downloader.savefrom.fb.saver.fast,7,10,17
com.andi.waktusholatdankiblat,2,15,17
asyncbyte.kalendar.calendar,8,9,17
tiktok.video.downloader.nowatermark.tiktokdownload.snaptik,3,14,17
com.myorbit,7,10,17
maxride.taxi.transport.bajaj.passenger,6,11,17
com.hwsj.chat,4,13,17
com.short.reels.drama.sh,5,12,17
statussaver.statusdownloader.videodownloader,6,11,17
flipboard.boxer.app,3,14,17
com.transsion.magicshow,3,14,17
com.dki.gov.kominfo.cekranmordki,4,13,17
com.firsttouchgames.dls7,3,13,16
com.ew.superbilliards,5,11,16
id.go.polri.sisdm,3,13,16
id.co.iconpln.icrm.customer,7,9,16
com.mergegames.gossipharbor,7,9,16
com.wallet.crypto.trustapp,5,11,16
com.mm.android.DMSS,6,10,16
com.playrix.township,6,10,16
com.duolingo,2,14,16
com.adobe.scan.android,6,10,16
com.beoke.suratyasindantahlil,3,13,16
org.iggymedia.periodtracker,3,13,16
mate.bluetoothprint,4,12,16
com.shdj.test,8,8,16
com.mufumbo.android.recipe.search,8,8,16
com.higgs.tilemaster3d,6,10,16
com.samsung.android.icecone,8,8,16
com.coloros.videoeditor,5,11,16
myfiles.filemanager.fileexplorer.cleaner,2,14,16
com.samsung.android.app.notes.addons,4,12,16
com.naver.linewebtoon,3,13,16
com.jaya.fun.games,2,14,16
com.id.pinjaman.aktivakuplus.google,8,8,16
badakb.esaroidj.soif,3,13,16
com.community.oneroom,5,11,16
com.levelinfinite.sgameGlobal,6,10,16
videoeditor.videorecorder.screenrecorder,2,14,16
com.opera.max.oem,2,14,16
com.supergiga.generasi,8,7,15
com.camerasideas.trimmer,4,11,15
com.isaku.app,4,11,15
com.google.android.apps.messaging,4,11,15
com.qidian.Int.reader,5,10,15
com.bypulsa.app,3,12,15
com.fullmetalgamedev.ultimatecruises,1,14,15
id.co.triv,4,11,15
com.google.android.calculator,7,8,15
app.phantom,4,11,15
com.soulcompany.bubbleshooter.relaxing,8,7,15
com.oyo.consumer,7,8,15
com.kabarstudio.alquran_indonesia,2,13,15
com.teacapps.barcodescanner,7,8,15
com.tencent.ibg.joox,2,13,15
com.mgoogle.android.gms,2,13,15
com.indon.lcdesign.danaplus,8,7,15
com.transsion.notebook,4,11,15
com.Quiz.Master.gg,5,10,15
com.bitkeep.wallet,6,9,15
id.pinhome.consumer,9,6,15
com.pinjammodal,2,13,15
com.speedy.vpn,3,12,15
com.facebook.adsmanager,5,10,15
com.hotmini.drama.hot,7,8,15
utube.gotube.music.premium,3,12,15
com.sodareels.drama.short,8,7,15
com.movile.playkids.pkxd,1,13,14
com.cpuid.cpu_z,4,10,14
id.kop.merahputih.kdmp_mobile_app,4,10,14
com.link.tile.journey,3,11,14
com.itc.keretaku,5,9,14
com.winston.uangkami,1,13,14
com.moonhint.ramayanapoinapp,4,10,14
pdf.reader.pdfviewer.pdfeditor,5,9,14
io.voodoo.holeio,1,13,14
com.alldocumentexplor.ade,2,12,14
wibuku.app.wibuku,1,13,14
org.videolan.vlc,2,12,14
com.google.android.apps.adwords,4,10,14
com.work.cardinfo,2,12,14
com.frontrow.vlog,7,7,14
com.samsung.android.livestickers,6,8,14
com.core.biggame.marble.android,2,12,14
com.splendapps.voicerec,6,8,14
com.transsion.healthlife,6,8,14
com.live_streaming_tv.online_tv,2,12,14
com.eco.note,2,12,14
net.sourceforge.opencamera,6,8,14
video.player.videoplayer,2,12,14
com.exness.android.pa,4,10,14
com.msmile.bankmega,5,9,14
com.camscanner.documentscanner.pdfscanner.textscanner.photos.scanner,6,8,14
com.mungmedia.tahlil,3,11,14
com.fullmetalgamedev.aquablockspuzzleseas,3,11,14
com.midi.kriing,4,10,14
com.mi.global.pocostore,9,5,14
id.go.oss,8,6,14
com.game.space.shooter2,4,10,14
com.bm.main.fpl,5,9,14
io.metamask,4,10,14
com.callapp.contacts,4,10,14
com.market.tw,5,9,14
com.trade.rubik,5,9,14
com.intsig.cspdf,3,11,14
com.inst.sgsk,7,7,14
com.Fun.Flick,3,11,14
com.nrpt.maxnovel,6,7,13
com.samakita.id,4,9,13
com.rlk.weathers,3,10,13
app.revanced.android.youtube,3,10,13
x1Trackmaster.x1Trackmaster,7,6,13
com.handycloset.android.eraser,3,10,13
com.mpm.brompit,8,5,13
com.neptune.dominogl,4,9,13
com.samsung.android.bixby.service,5,8,13
com.google.android.apps.photosgo,4,9,13
com.transsion.calculator,4,9,13
private.internet.access.vpn.lumos,5,8,13
com.digitalchemy.calculator.freedecimal,2,11,13
videodownloader.instagram.videosaver,7,6,13
app.market.danaku,3,10,13
com.kitkagames.fallbuddies,3,10,13
com.kuraku.pinjaman,7,6,13
com.kpt.elite,4,9,13
io.supercent.pizzaidle,2,11,13
com.nabireborneo.kumpulandoaislamterlengkap,3,10,13
com.trassion.infinix.xclub,2,11,13
com.bardi.smart.home,2,11,13
com.pilihid.kreditid.pilihkredit,4,9,13
id.aladinbank.mobile,5,8,13
com.okinc.okex.gp,5,8,13
com.nemo.vidmate,3,10,13
omegle.tv,1,12,13
com.infotech.mapclub,6,7,13
com.ton_keeper,4,9,13
water.sortpuz.puzzle.sort.quest,5,8,13
com.mt.mtxx.mtxx,4,9,13
id.co.bni.bnicreditcard,4,9,13
com.score808.app,2,11,13
com.sagadsg.user.mady546857,2,11,13
com.rejeki.fun.games,2,11,13
photoeditor.photocollage.fotogrid.photogrid,2,11,13
com.Jacky.BusStationHappyJourneyBus,7,5,12
com.idntimes.idntimes,6,6,12
com.smartlife.nebula,2,10,12
com.suno.android,1,11,12
com.example.fintag,3,9,12
com.apnabankshop.juice,1,11,12
com.playrix.gardenscapes,2,10,12
recorder.screenrecorder.videoeditor,5,7,12
com.soccer.score.star,2,10,12
com.tencent.wesing,1,11,12
com.sagadsg.user.mady5391857,7,5,12
id.infinitech.ekatolik,3,9,12
com.os.airforce,3,9,12
com.asabri.layol,4,8,12
com.life360.android.safetymapd,1,11,12
com.bapendamobilets,5,7,12
video.like,2,10,12
com.document.viewer.doc.reader,3,9,12
com.google.android.apps.docs.editors.slides,5,7,12
com.creations.runnergame,4,8,12
com.rilixtech.bukuende,4,8,12
com.gamovation.chessclubpilot,3,9,12
com.candyroom.clubcraft,1,11,12
id.kriptomaksima.app,2,10,12
com.mi.earphone,1,11,12
com.gooddrama.idrama,7,5,12
com.dinkes.jaksehat,1,11,12
com.mifxid.app,4,8,12
com.Zeuswinslots.Zeus,2,10,12
com.vividshort.drama.vivid,3,9,12
com.lotte.lpoint,3,9,12
com.mokita.wahana,3,9,12
com.documentreader.documentapp.filereader,3,9,12
imagetopdf.pdfconverter.jpgtopdf.pdfeditor,3,9,12
com.samsung.android.app.networkstoragemanager,2,10,12
com.EmasDigi,6,6,12
com.uniqlo.id.catalogue,3,9,12
qibladirectioncompass.qiblafinder.truenorthcompass,7,5,12
com.shopee.mitra.id,4,8,12
id.co.bfi.customer,3,9,12
com.deepseek.chat,2,10,12
pdf.tap.scanner,2,10,12
com.indogrosir.sd1.myindogrosirGetx,7,5,12
com.jrinnovation.proguitartuner,5,7,12
jp.co.yamahamotor.myyamahamotor,5,7,12
com.airbnb.android,6,6,12
flar2.devcheck,5,6,11
com.mojang.minecrafttrialpe,3,8,11
com.aeoncredit.id.preassessment.fast,7,4,11
com.oplus.consumerIRApp,4,7,11
com.memeandsticker.textsticker,2,9,11
com.downloadwhatsappstatus.statussaver.videodownloader,3,8,11
com.dompet.plustecken,4,7,11
com.dwidasa.sulselbar.mb.android,4,7,11
com.trust.mint.penny,2,9,11
grill.sort.food.games.match.puzzle,4,7,11
whatsapp.web.whatscan.whatsweb.qrscan,4,7,11
com.indon.lcant.uangbee,6,5,11
com.mint.keyboard,4,7,11
adr.danakredi.id,4,7,11
com.transsion.filemanagerx,4,7,11
com.Flick.Flow,1,10,11
com.merge2048.fruit,3,8,11
com.space.illusion.himoji,2,9,11
com.smule.singandroid,5,6,11
com.bukalapak.mitra,4,7,11
com.trending.tik.tap.game.challenge,2,9,11
com.playstrom.dop4,1,10,11
com.crazy.juicer.xm,4,7,11
com.linecorp.b612.android,2,9,11
com.dev.jakone.mbanking,4,7,11
me.pou.app,1,10,11
com.tencent.igoppo,4,7,11
com.microsoft.appmanager,2,9,11
com.supercell.hayday,2,9,11
co.nex.app,6,5,11
com.persib.persibpass,3,8,11
com.miniepisode,4,7,11
com.gamovation.tileclub,5,6,11
id.net.myrepublic,1,10,11
com.anichin.donghub,2,9,11
com.infinix.xshare,2,9,11
com.alpha.lte4g,1,10,11
co.brainly,3,8,11
com.jeyluta.timestampcamerafreeent,4,7,11
com.tagihan.listrik,3,8,11
com.indymobileapp.document.scanner,3,8,11
com.samsung.android.ipsgeofence,5,6,11
com.fundevs.app.mediaconverter,3,8,11
com.jora.jobstreetexpress,3,8,11
com.sinyee.babybus.taxi,3,8,11
com.tokopedia.sellerapp,6,5,11
com.tantantribe.tribe,3,7,10
com.shopee.fms,2,8,10
com.dayakomputer.Kalender,3,7,10
com.quarkplay.game,2,8,10
com.jetstartgames.chess,4,6,10
com.spin.app.latest,3,7,10
com.watersort.journey.gg,3,7,10
com.engloryintertech.caping,4,6,10
com.dblue.game,1,9,10
com.indivara.jneone,5,5,10
com.michatapp.im.lite,2,8,10
com.trustedapp.pdfreaderpdfviewer,3,7,10
instagram.video.downloader.story.saver.ig.insaver,2,8,10
com.heytap.browser,2,8,10
com.save.princess.girl.dragon.out.and,2,8,10
com.Cashdanacepat.PinjamanRupiah.gn,1,9,10
com.app.sxx.videoplayer,3,7,10
com.pixverseai.pixverse,3,7,10
com.adobe.psmobile,3,7,10
com.senyum,5,5,10
com.paxel,8,2,10
com.money.manager.tracker.budget.log,2,8,10
com.pinjamanonline.tanpaktppanduan,2,8,10
easynotes.notes.notepad.notebook.privatenotes.note,5,5,10
com.mojang.minecraftpe,1,9,10
com.id.pinjaman.papitupi.google,7,3,10
com.oceanwing.soundcore,3,7,10
com.gateio.gateio,4,6,10
com.mabuk.money.duit,3,7,10
com.jala4.live,2,8,10
com.asabri.client,3,7,10
com.fast.free.unblock.thunder.vpn,6,4,10
com.xworld.free.welfare.game.app.io,2,8,10
com.merryblue.facebookvideodownloader,3,7,10
com.trails.arrow.neet,5,5,10
com.coloros.aftersalesservice,4,6,10
com.mejor.aeon.indonesia.release,2,8,10
com.google.android.apps.searchlite,2,8,10
com.ru.huntingsniper,5,5,10
id.or.nu.app,4,6,10
com.happymod.apk,2,8,10
com.challenge.watersort,3,7,10
com.liam.aiassitant.aichat,3,7,10
com.indeed.android.jobsearch,1,9,10
videoeditor.videomaker.videoeditorforyoutube,3,7,10
com.meitu.makeup,6,4,10
com.imo.android.imoim,3,7,10
stickermaker.stickercreater.whatsappstickers.stickermakerforwhatsapp,3,7,10
com.smartsalaryonprem,2,8,10
com.google.android.dialer,3,7,10
tstudio.nfc.ceksaldo,4,6,10
com.funbase.xradio,2,8,10
com.sinyee.babybus.gameworld.design.home.friends.fun.life.story,1,9,10
codexplore.ojol,3,7,10
com.samsung.android.carriermatching,3,7,10
com.gombosdev.ampere,2,8,10
com.litatom.app,1,9,10
net.zedge.android,1,9,10
com.decor.life,1,9,10
com.microsoft.emmx,2,8,10
com.samsung.accessory,2,7,9
com.dkf.danakinifinance,4,5,9
com.kitabisa.android,3,6,9
com.k24klik.android,4,5,9
mobi.mobileforce.informa,6,3,9
com.hisign.feacapan,3,6,9
id.go.jakarta.smartcity.jaki,4,5,9
mlpt.siemo.mobilebankingbsb,4,5,9
com.topstep.fitcloudpro,1,8,9
superapps.polri.internal.presisi,2,7,9
id.go.bapenda.sambara,2,7,9
id.logique.jbabiddingrevamp,1,8,9
com.p1.mobile.putong,2,7,9
id.co.labamu.app,1,8,9
galaxyk.sdf.glkglk,2,7,9
com.netease.newspike,3,6,9
com.aytech.flextv,6,3,9
com.teegloyalty.timezone,3,6,9
com.Free.Flick,2,7,9
jp.co.yamahamotor.yamahamotorcycleconnect.sccu,2,7,9
com.transjakmobile,2,7,9
id.co.bri.brilinkmobile,5,4,9
com.erafone.android,5,4,9
com.indodana.cashloan.app,4,5,9
com.indonesia.too.antdis.mekar,3,6,9
com.dywx.larkplayer,4,5,9
com.travelio.travelioapp,5,4,9
com.goodreels.mg.br_id_jp_kr,2,7,9
com.lumut.dlueticket,4,5,9
com.eraspace.app,4,5,9
co.pegadaian.syariah.nasabah,3,6,9
com.dstukalov.walocalstoragestickers,4,5,9
com.git.mami.kos,3,6,9
com.marsvard.stickermakerforwhatsapp,3,6,9
com.bm.tiketkai,3,6,9
devian.tubemate.v3,3,6,9
com.baliuapps.superapp,4,5,9
com.alightcreative.motion,2,7,9
com.bca.sakuku,2,7,9
ai.perplexity.app.android,3,6,9
com.differencetenderwhite.skirt,1,8,9
com.transsion.soundrecorder,1,8,9
com.popularapp.periodcalendar,1,8,9
com.indonesia.antdpro.batumbu,3,6,9
com.viapulsa.app,2,7,9
com.indon.lcant.dctdana,5,4,9
com.opera.minipay,1,8,9
photoeditor.cutout.backgrounderaser,5,4,9
com.bubbleshooter.origin.classic.puzzle,2,7,9
tv.flareflow.drama,2,7,9
org.thunderdog.challegram,3,6,9
com.outfit7.mytalkingtom2,1,8,9
id.vida.app,2,7,9
com.dwidasa.bankntt.mb.nttmobile,2,7,9
com.moh.nusukapp,5,4,9
mlpt.siemo.mobilebanking.riau,4,5,9
com.dridev.kamusku,5,4,9
com.quranbest.app,5,4,9
com.won.anad.pinjama,2,7,9
com.apple.android.music,3,6,9
jp.garud.ssimulator.vivo,1,8,9
org.kredit.ayodana,5,4,9
ai.photo.enhancer.photoclear,3,6,9
com.valfoteorain.unitora,4,5,9
wp.wattpad,5,4,9
com.kiwibrowser.browser,2,7,9
free.tube.premium.advanced.tuber,1,8,9
com.treasury.apps,2,7,9
com.infomedia.angkasapura2v2,3,6,9
com.zhangyue.read,2,7,9
apps.r.calculator,2,7,9
com.bd.bdant,3,6,9
com.ticno.olymptrade,3,6,9
com.puzzlegames.puzzlebrickslegend,3,6,9
com.yc.gloryfit,4,5,9
com.firstmedia.idconnect,6,3,9
com.badoo.mobile,3,6,9
com.clandys,6,2,8
com.fpg.billiards.master,3,5,8
com.blockpuzzle.comboblastmaster.freegame,1,7,8
mobile.android.tribun,4,4,8
com.klg.chatime,5,3,8
com.ytv.pronew,1,7,8
com.discobunney.neonbeat,1,7,8
ver3.ycntivi.off,1,7,8
id.go.kemenag.pusaka_v2,4,4,8
com.circular.pixels,4,4,8
com.catchplay.asiaplay,6,2,8
com.meluapp.tekatekisilangpintar,1,7,8
com.olymptrade.flex,1,7,8
com.quran.deeperquran.aiquran,4,4,8
com.shutterstock.contributor,2,6,8
com.playit.videoplayer,3,5,8
id.go.bpsfasih,6,2,8
com.xsquarestudio.forcelte,5,3,8
com.keteknikan.pemutihanpinjol,1,7,8
com.shaiban.audioplayer.mplayer,3,5,8
org.ai.interlinklabs.interlinkId,3,5,8
com.orderkuota.app,2,6,8
id.co.bankjateng.bimamobile,2,6,8
com.shopee.lite.id,2,6,8
id.go.kemnaker.siapkerja,1,7,8
com.yg.mini.games,2,6,8
net.metaquotes.metatrader4,3,5,8
games.vaveda.militaryoverturn,2,6,8
com.sinyee.babybus.shopping,1,7,8
com.certsy.app,2,6,8
mobile.danabagus.android,2,6,8
com.playspare.supermarket.store.simulator,1,7,8
statussaver.deleted.messages.savevidieos,2,6,8
com.bkn.simpegnas,3,5,8
com.samsung.android.videolist,1,7,8
savestatus.videodownloader.storysaver.statuskeeper,1,7,8
photo.gallery.photoeditor.photo.album,1,7,8
com.finex.trading,2,6,8
com.Gold.Flick,1,7,8
com.unicc.uni,2,6,8
com.labuhandigital.lamaranku,2,6,8
photo.editor.photoeditor.photoeditorpro,3,5,8
mbank.sumut.sumut_digital,3,5,8
by.green.tuber,3,5,8
com.changdu.mobovideo,3,5,8
notes.notepad.checklist.calendar.todolist.notebook,2,6,8
com.playrix.homescapes,1,7,8
com.santika.mysantika,3,5,8
com.hotforex.www.hotforex,1,7,8
com.udicorn.proxy,1,7,8
com.spinthewheeldecider,3,5,8
com.go_trading.www,3,5,8
com.uc.browser.en,3,5,8
com.music.ops.retroappdownload2,2,6,8
com.vivago.ai,1,7,8
org.fedorahosted.freeotp,2,6,8
com.sevapp.smart_tasbeeh,2,6,8
com.craftsman.go,2,6,8
com.passion.short.hotdrama,4,4,8
authenticator.two.factor.authentication.otp,2,6,8
com.photoappworld.photo.sticker.creator.wastickerapps,2,6,8
com.walt.browser_gg,3,5,8
com.logame.puzzle.lastbullet,4,4,8
com.genibiru.saldoku,2,6,8
com.skyroam.silverhelper,2,6,8
com.fc.goods.sort.matching.puzzle.triplemaster,1,7,8
com.dino.race.master,3,4,7
com.document.manager.filescanner,3,4,7
com.onihstudio.remakeraifaceswap,1,6,7
com.bpmobile.iscanner.free,2,5,7
com.miui.newmidrive,3,4,7
com.jutaapp.caircepatguidehints,3,4,7
com.zhiliaoapp.musically,2,5,7
uet.video.downloader.videodownloader.threads,3,4,7
com.surahyasin.suratyasin,1,6,7
vip.mytokenpocket,3,4,7
live.shorttv.dramarush.android,3,4,7
com.google.android.GoogleCameraEngR18F1,1,6,7
id.co.limasakti.pdaminfo,2,5,7
com.andromo.dev445584.app545102,4,3,7
com.greatday.app,1,6,7
com.madanistudio.yasintahlil,1,6,7
jp.co.canon.ic.cameraconnect,4,3,7
com.prodiadigital.patient,4,3,7
com.windyty.android,1,6,7
com.monstermerge.puzzle.kim,1,6,7
com.adiwisista.project,3,4,7
com.teamviewer.teamviewer.market.mobile,2,5,7
com.bm.sc.bebasbayar,2,5,7
com.igg.android.lordsmobile,3,4,7
com.google.android.deskclock,1,6,7
com.vq.mbrochuregp.client.android,3,4,7
org.ppsspp.ppsspp,3,4,7
com.islamic.quranreader.holyquran,1,6,7
com.playrix.fishdomdd.gplay,3,4,7
com.quvideo.xiaoying,2,5,7
com.youthhr.phonto,2,5,7
com.coinmarketcap.android,3,4,7
com.rblive.app,2,5,7
com.deliveree.driver,3,4,7
com.kbBukopin.Kbstar,1,6,7
com.higgs.dominops,2,5,7
ch.protonvpn.android,1,6,7
com.valvesoftware.android.steam.community,2,5,7
com.suvorov.id_en,2,5,7
com.hundred.qibla,1,6,7
com.tera.verse,2,5,7
com.sc.lazada,2,5,7
com.watsons.id.android,1,6,7
com.showhub.tkvideo,1,6,7
com.prime.driver,1,6,7
com.bn.mobilebanking,1,6,7
com.babydola.launcherios,1,6,7
com.personal.loan.loanhero,5,2,7
com.goldendragon.luckyblessing,2,5,7
id.celenganku.app,1,6,7
com.martrix.shorts.smartbrowser,2,5,7
com.duokan.phone.remotecontroller.peel.plugin,1,6,7
app.ndtv.matahari,2,5,7
com.ikeyboard.theme.neon.love,2,5,7
com.thecarousell.Carousell,3,4,7
com.xingin.xhs,3,4,7
noice.app,4,3,7
com.huawei.appmarket,2,5,7
com.cashcash.android,1,6,7
com.ursabyte.garudaindonesiaairlines,4,3,7
com.eiger.eigeradventureapp,3,4,7
org.xbet.client1,3,4,7
com.gstarmc.android,3,4,7
com.samsung.android.themedesigner,3,4,7
com.yg.bike.racinggame,4,3,7
com.unicostudio.braintest,2,5,7
com.qrgame.puzzlefarm,2,5,7
com.cdn.mycapella,3,4,7
com.unicorn.finfy,4,3,7
com.xplay.pop_antistress_simulator,3,4,7
com.google.android.accessibility.soundamplifier,5,2,7
com.solflare.mobile,1,6,7
com.free.superreels.short.play.vod,2,5,7
com.dramarush.bingeshort,3,4,7
com.ibragunduz.applockpro,4,3,7
co.id.lensa.powerplus,1,6,7
com.yg.ball.challenge,2,5,7
com.freeshort.drama.reel,3,4,7
com.goodjobgames.matchvillains,2,5,7
id.co.banksultra.mobilebanking,2,5,7
com.yg.sf.minigames,2,5,7
com.benzveen.utility.pdftool,2,5,7
id.co.bri.merchant,2,5,7
com.legend.hiwtchMax.app,4,3,7
com.education.android.h.intelligence,2,5,7
com.puzzle.fun.free.watersortpuzzel,4,3,7
com.fifada.customer,4,3,7
com.megasyariah,4,3,7
snapedit.app.remove,3,4,7
com.thbin.diffbrowser,2,5,7
com.codefun.planbudget,3,4,7
com.tetra.pulsa,2,5,7
com.rush.xtreme.sports,1,6,7
fake.gps.location.emulator,3,4,7
statussaver.statusdownloader.downloadstatus.videoimagesaver,3,4,7
com.allfiles.viewerer,1,6,7
qibla.compass.finddirection.hijricalendar,3,4,7
com.kompasgramedia.myvalue,6,1,7
com.SeventhGear.tides,2,5,7
com.alibaba.aliexpresshd,2,5,7
com.pinjamduit.android,3,4,7
com.calculator.hideu,2,5,7
ae.goragaming.playoff.blocks.game.make.earn.money.rewarded,1,5,6
com.MangoSoft.Susun,5,1,6
com.baitu.qingshu,3,3,6
car.jam.traffic.seat.unblock,2,4,6
com.appostrophe.scrl,3,3,6
com.na777.id.lucky,1,5,6
com.kodelokus.prayertime,1,5,6
info.flowersoft.theotown.theotown,2,4,6
com.rilixtech.kidungjemaat,2,4,6
com.orange.coloring.learn.kids,2,4,6
org.codeaurora.snapcam,1,5,6
com.debit.scope.mark,2,4,6
com.phoneringtone.hdwallpaper,2,4,6
com.calculator.torla.loan,1,5,6
com.akgame.vm777,2,4,6
com.huadkieq.sharebe,4,2,6
com.Rohit.IndianBikes,2,4,6
com.fane.videodownloader,2,4,6
id.co.hpm.ecare,3,3,6
com.miui.player,2,4,6
com.yg.fashionqueen,3,3,6
site.mises.browser,1,5,6
id.simpkb.app,1,5,6
com.pdf.reader.pdfviewer.pdfeditor.forandroid,1,5,6
com.ruangguru.livestudents,2,4,6
com.microsoft.office.officelens,1,5,6
com.roblox.client.samsunggalaxy,1,5,6
com.qmove.logistics.driver,2,4,6
com.master.hotelmaster,2,4,6
com.macrovideo.v380,3,3,6
com.corestudiso.suzyrest,1,5,6
com.sera.ibid,1,5,6
com.Neurononfire.SupremeDuelist,1,5,6
com.telkomsel.digiposaja,4,2,6
com.ipopcorn.xnxbrowser,2,4,6
com.cleanmaster.mguard,2,4,6
icv.resume.curriculumvitae,2,4,6
com.JindoBlu.OfflineGames,2,4,6
photo.filter.selfie.beauty.camera,1,5,6
com.larittabakery.mylaritta,4,2,6
com.ertanto.kompas.official,5,1,6
com.exnova,4,2,6
instasaver.instagram.video.downloader.photo,2,4,6
com.kompanion.fasting.android,2,4,6
com.dicicilaja.app,2,4,6
com.nokoprint,2,4,6
com.qqrp.com2,1,5,6
com.zaz.translate,1,5,6
com.cinemaxx.activity,4,2,6
com.vova.android,1,5,6
com.pixel.art.coloring.color.number,3,3,6
com.youdao.hindict,2,4,6
com.samsung.concierge,4,2,6
com.ezpdf.read.view.editor.pdfreader.pdfviewer,3,3,6
epson.print,3,3,6
com.blockpuzzle.jewel.diamond,1,5,6
com.mindigital.walknova,1,5,6
com.dropbox.android,3,3,6
com.coloros.accegamesdk,1,5,6
com.moviecine.movie_id,2,4,6
com.koinworks.app,4,2,6
com.pajakind.pajakind,1,5,6
com.notebloc.app,3,3,6
com.gamincat.jigsolitaire,2,4,6
com.etgsv.loan.cacu,1,5,6
com.king.candycrushsodasaga,2,4,6
com.fullmetalgamedev.zombieDefence,2,4,6
com.coolncoolapps.easyvideorecorder,3,3,6
com.launcher.smart.android,1,5,6
com.trivago,3,3,6
com.finalwire.aida64,2,4,6
com.moe.aylalife,2,4,6
com.stimuler,3,3,6
video.downloader.save.video.social.media,2,4,6
com.lbe.parallel.intl,1,5,6
com.catsing.music,2,4,6
com.blueloan.apprupiahpinjamadvice,1,5,6
id.co.m.citilink.tras,4,2,6
domes.pinasmd.ufuedd,5,1,6
videoplayer.videodownloader.downloader,2,4,6
io.voodoo.paper2,4,2,6
com.game.minicraft.village,1,5,6
id.co.collega.mbanking.sulut,3,3,6
com.smmservice.authenticator,2,4,6
com.leon.ang,2,4,6
com.winidn.fun.games,1,5,6
com.fungames.blockcraft,1,5,6
com.aloha.browser,1,5,6
com.mobilefootie.wc2010,1,5,6
com.fifa.plus.android,2,4,6
finance.calculator.tools,1,5,6
com.HT93Studio.AnimalConnect,3,3,6
com.exness.android.go,3,3,6
com.catfiz,3,3,6
com.whazapp.go,3,3,6
com.yuksdw.yukkaya,1,5,6
id.app.kalender,1,5,6
mp3videoconverter.videotomp3.videotomp3converter,2,4,6
com.app.pkvgame,1,5,6
com.vladlee.easyblacklist,2,4,6
com.jm.travoy,1,5,6
io.danarupiah.core.pro,2,4,6
ngi.muchi.hubdat,1,5,6
com.kcstream.cing,1,5,6
com.gasmine.affairsingle.moster,1,5,6
com.indodana.onsite.merchant,2,4,6
com.moreshare.chord.guitar.full.offline,1,5,6
com.cars.jbrticket,3,3,6
com.overlook.android.fing,1,5,6
com.siloam.android,2,4,6
com.per.pinjaman.sat,2,4,6
scan.web.dualapp.webscanner.appcloner,2,4,6
com.bf.browser,1,5,6
com.RedLineGames.Game49,2,4,6
com.kumpulanstikerwalucu.WAStickerApps,1,5,6
free.vpn.secure.turbo.proxy.hotspot.vpnindonesia,1,5,6
com.pdf.editor.viewer.pdfreader.pdfviewer,3,3,6
com.pdi.pohondana,2,4,6
com.qianfan.aihomework,2,4,6
com.temank3mobile,2,4,6
com.opera.mini.native.beta,1,5,6
statussaver.statusdownloader.downloadstatus.savestatus,2,4,6
com.qrcode.scanner.barcodescanner.code.reader,1,5,6
com.mrhabibi.ceksaldo,1,5,6
com.network.tokcoin,2,4,6
com.limaratusribuuang.cairlangsungmantap,4,2,6
com.papaya.client,3,3,6
id.co.bni.merchant,3,3,6
cn.gem.android,1,5,6
com.kopnus.kdigi,3,3,6
com.minjem.dumi,2,4,6
com.lst.Kaltimtara,3,3,6
com.match.btainroot.sha,1,5,6
com.twibbonize,1,5,6
com.mobisystems.office,3,3,6
com.opera.branding.news,1,5,6
com.vip77rp.com2,3,3,6
com.just4funtools.fakegpslocationprofessional,1,5,6
com.example.savefromNew,3,3,6
com.appswing.qr.barcodescanner.barcodereader,3,3,6
com.mind.quiz.brain.out,2,4,6
com.rejeki.idos.games,2,4,6
com.kimcy929.screenrecorder,1,4,5
io.yarsa.games.ludo,1,4,5
com.bubbleboxes.match3d,2,3,5
com.infotoo.certieye,3,2,5
com.abi.busjam.sortpuzzle,2,3,5
com.baliuapps.superapp.light,1,4,5
id.co.banklampung.banklampung_mbank_mobile,2,3,5
com.cascade.badminton.game,3,2,5
com.ludashi.dualspace,1,4,5
maxplayer.video.videoplayer,1,4,5
org.toshi,1,4,5
com.dexscreener,1,4,5
com.gof.global,3,2,5
com.microblink.photomath,2,3,5
com.rocks.music.videoplayer,1,4,5
com.ids2.game,1,4,5
com.miHoYo.GenshinImpact,2,3,5
com.dwidasa.bss.mb.android,3,2,5
com.yarnpuzzlechallenge.game,1,4,5
com.gtre.calculat.kkw,1,4,5
com.video.downloader.eopiu,3,2,5
com.outfit7.mytalkingtomfree,1,4,5
com.fpl.car.race,2,3,5
com.idnkl.kreditlist.kredit.dana,2,3,5
com.zringtone,3,2,5
mymusic.offlinemusicplayer.mp3player.playmusic,2,3,5
recover.deleted.messages.messagesrestore,1,4,5
com.exlyo.mapmarker,1,4,5
com.browserantiblokir.browserhub.browservpnproxy,2,3,5
phonecleaner.junkfiles.appmanager.duplicatefileremover.applock,1,4,5
mega.privacy.android.app,2,3,5
com.bukuwarung.bukuagen,2,3,5
com.bukuwarung,1,4,5
com.blicicil.app,3,2,5
com.mxtech.videoplayer.pro,2,3,5
com.tickledmedia.ParentTown,1,4,5
com.mediaradiance.shotshort,1,4,5
com.azip.unrar.unzip.extractfile,3,2,5
id.paper.invoicer,3,2,5
com.danamas.mergingapp,2,3,5
com.sh.fidget.toys.mini.relaxing.antistress.games,1,4,5
com.kemenkes.inahac,1,4,5
com.advant.streamer,3,2,5
com.yg.toys.games,2,3,5
com.bdag.network,3,2,5
com.pluto.watersort,3,2,5
com.hibank.mobile,1,4,5
com.frojo.moy7,1,4,5
com.imatrade.app,3,2,5
com.cat.defenders.shelling.snake.and,1,4,5
com.lucky.games.seve,1,4,5
id.tries.kiriminaja,3,2,5
notion.id,2,3,5
app.market.pingo,1,4,5
com.playflix.kick.breakragdoll.games,1,4,5
com.katanlabs.bodybuildrush3d,2,3,5
com.block.challenger,1,4,5
com.marinetraffic.android,3,2,5
com.jvckenwood.tlink,2,3,5
audioeditor.musiceditor.soundeditor.songeditor,2,3,5
com.united.office.reader,2,3,5
com.payfazz.android,1,4,5
com.kemenag_haji_pintar_2019,2,3,5
com.bgg.jump,1,4,5
com.igg.android.doomsdaylastsurvivors,1,4,5
com.viktv.tv,2,3,5
kehorm.atandrhe.redf,3,2,5
com.drama.free,3,2,5
com.proint.hc.mobile,2,3,5
com.miui.videoplayer,2,3,5
com.panin.mobilepanin,1,4,5
id.co.edufund,2,3,5
ball.sort.color.puz.game.puzzle,2,3,5
com.cyworld.camera,1,4,5
com.tiledfchallenge.sortlcpuzzle,1,4,5
com.snapnova.reel.dual,2,3,5
com.diy.perfect.asmr,1,4,5
com.magicgames.dessert.crush.stick,2,3,5
app.intra,1,4,5
com.menang.com,1,4,5
com.drama.fun,1,4,5
com.instagram.layout,2,3,5
com.rp55.com2,2,3,5
com.xenea.wallet,2,3,5
com.amancepat.dols,1,4,5
com.indopremier.ipot,1,4,5
id.mania.pinja,1,4,5
io.randomco.travel,2,3,5
arichain.app.ari.wallet,1,4,5
com.bitcoin.mwallet,1,4,5
com.music.download.all.songs.free.download.mp3.app.descargar.musica.full.baixar,1,4,5
com.trusted.pdfeditor.pdfreader,4,1,5
com.wbd.stream,3,2,5
com.modal.siap.ready,2,3,5
com.atomczak.notepat,1,4,5
com.messenger.phone.number.text.sms.service.apps,4,1,5
com.garena.game.df,3,2,5
com.alibaba.android.rimet,1,4,5
com.hsp.yn.mlbb777,1,4,5
app.waveful,1,4,5
com.dto.sehatindonesiaku,1,4,5
com.oxygen.selfcare,1,4,5
com.samsung.android.timezone.autoupdate_O,2,3,5
io.wifimap.wifimap,3,2,5
com.matteljv.uno,2,3,5
com.trianguloy.openInWhatsapp,2,3,5
com.fast.free.unblock.secure.vpn,1,4,5
com.mbb.titan.id,2,3,5
com.pegadaianagen,2,3,5
com.lumira_mobile,1,4,5
com.novel.estory.free.reader.dreame.gp.us,2,3,5
com.textmessage.messenger,2,3,5
com.aida.app,1,4,5
com.gonext.gpsphotolocation,1,4,5
com.srin.indramayu,1,4,5
com.sukhavati.gotoplaying.bubble.BubbleShooter.mint.aha,1,4,5
com.blueorigin.ohsome,1,4,5
com.mikrotik.android.tikapp,2,3,5
com.youmusic.magictiles,2,3,5
com.one.ifg,2,3,5
com.samsung.systemui.notilus,2,3,5
com.pd.vehiclemasters,3,2,5
com.samsung.android.soundassistant,2,3,5
net.sinergics.abon.swinmandiri,2,3,5
com.dlu.dlu_ferry,3,2,5
com.lionparcel.services.consumer,3,2,5
org.owline.kasirpintarpro,2,3,5
org.torproject.torbrowser,2,3,5
com.app.seenlog,2,3,5
com.adobe.spark.post,2,3,5
com.admedika.v2admedika,2,3,5
com.fyxtech.muslim,1,4,5
com.simplemobilephotoresizer,1,4,5
com.njj.mactivepro,2,3,5
com.supercell.clashroyale,1,4,5
instasaver.videodownloader.photodownloader.repost,1,4,5
com.hartono.elektronika,2,3,5
com.olymptrading.flex,1,4,5
kjv.bible.kingjamesbible,2,3,5
com.bonaro.appbonaro,1,4,5
gurilap.bjbmobile,2,3,5
com.xm.csee,2,3,5
ar.com.basejuegos.simplealarm,2,3,5
com.uc.minigame.relax,1,4,5
homeworkout.homeworkouts.noequipment,1,4,5
id.quranbelajar.app,1,4,5
com.star.pshorts.video,2,3,5
id.co.onlinebiz.medapp,2,3,5
com.nonton_tv.tv_indonesia,1,4,5
com.kbij.skorku,1,4,5
com.mcu.visionlook,1,4,5
com.pinjam.fun.id,2,3,5
com.picmax.wemoji,1,4,5
com.orange.kidspiano.music.songs,1,4,5
com.gyokovsolutions.gnettracklite,1,4,5
com.myidscore,2,3,5
com.jaklingkoindonesia.app,2,3,5
com.id6at777.ntat777ct,1,4,5
com.freemusic.download.ddplmnb,3,2,5
com.toyota.m,1,4,5
com.pdfreader.free.viewer.documentreader,2,3,5
com.rekeningku,3,2,5
com.pdfviewer.pdfreader.eagle.apps,2,3,5
air.com.cititrans.birdev02,3,2,5
com.authenticator.app.starnest,2,3,5
com.yoosee,3,2,5
tt.video.downloader.saver.withoutwatermark.tmate.snaptik,1,4,5
com.gps.survey.cam,2,3,5
maxplayer.mediaplayer.videoplayer,2,3,5
car.parking.jam.solver.puzzle.games,2,3,5
com.id2pt777.ntpt777,2,3,5
mbank.sumut,2,3,5
com.alldocumentreader.office.viewer.filesreader,3,2,5
com.run.tower.defense,4,1,5
download.video.downloader.videodownloader.instagram,1,4,5
id.co.bridanareksasekuritas.olt.android,1,4,5
com.microsoft.scmx,3,2,5
com.bitstrips.imoji,2,3,5
com.map.earth.live.maps,1,4,5
com.darwinbox.darwinbox,2,3,5
com.familla.app,1,4,5
com.valetaxapp,1,4,5
com.freeplaysultanov.shootit,1,4,5
com.ig.screw.puzzle.nuts.botls,2,3,5
com.gamesofa.android.luxydominoqiuqiu,1,4,5
us.rec.screen,2,3,5
com.hkfuliao.chamet,2,3,5
com.netease.dfjssea,2,2,4
cinesync.io.platinumcineplex,3,1,4
com.jimi.tuqiang.tracksolidpro,1,3,4
com.psiphon3.subscription,1,3,4
com.phone.cleaner.shineapps,1,3,4
saveit.whatsappstatussaver.whatsappsaver,3,1,4
daily.number.match.free.puzzle,1,3,4
com.voice.gps.navigation.map.location.route,1,3,4
com.kiwigames.happycitizen.gp,1,3,4
com.rajagadai.app.raja_gadai,1,3,4
collage.maker.photoeditor,1,3,4
com.candle.magic_piano,2,2,4
com.maps.voice.navigation.traffic.gps.location.route.driving.directions,1,3,4
com.tapmen.mergefellas,1,3,4
com.biuman.android,1,3,4
com.uptodown,1,3,4
com.familymartindonesia.famigo,1,3,4
com.pdf.reader.editor.fill.sign,2,2,4
vidma.video.editor.videomaker,1,3,4
com.beint.zangi,1,3,4
com.dayunlinks.cloudbirds,3,1,4
com.samsung.android.six.webtrans,1,3,4
com.panin.mypanin,2,2,4
id.ayovestpro,1,3,4
whatsap.stuir.sittus,3,1,4
musicplayer.mp3player.musicapp,1,3,4
id.co.bfi.agenttools,1,3,4
de.szalkowski.activitylauncher,1,3,4
com.quran.labs.androidquran,2,2,4
com.internet.speed.meter.lite,3,1,4
com.lutech.ringtones,1,3,4
com.gis.toptoshirou.landmeasure.Glandmeasure,1,3,4
id.co.danacita.app,3,1,4
id.draiv.client,2,2,4
com.cqkct.fundo.health,3,1,4
cn.huidu.huiduapp,2,2,4
com.andromo.dev866259.app999836,1,3,4
com.jala2.live,1,3,4
com.gma.water.sort.puzzle,1,3,4
com.permutize.haha,2,2,4
com.garena.game.codm,1,3,4
inklusif.smdgnklkkd.jjkjk,1,3,4
com.filmpocket.drama.reel,2,2,4
com.wejoy.weplay,1,3,4
com.poseidon.bossjobapp,2,2,4
com.lazygeniouz.saveit,1,3,4
bible.wordgame.words.connect.crossword.cookies,2,2,4
com.revanced.net.revancedmanager,2,2,4
com.jeyluta.instatimestampcamerafree,2,2,4
com.yg.balls.parkour,3,1,4
com.sinarpasific.pinjamcerdas,3,1,4
com.ilovepdf.www,1,3,4
cashbook.cashbook,1,3,4
com.money.budget.finance.expense.tracker,1,3,4
com.github.anrimian.musicplayer,2,2,4
com.deepl.mobiletranslator,1,3,4
com.mrbunn.waterslide.tycoon,3,1,4
id.co.bri.brilianapps.m,1,3,4
com.facebook.mlite,2,2,4
com.samsung.updatecarriermatch,3,1,4
com.cheesecake.orange,3,1,4
com.google.android.youtube,1,3,4
com.vjy.cekpajakkendaraankalimantantimur,2,2,4
id.co.yamahaMotor.partsCatalogue,2,2,4
com.ti.live.stream,1,3,4
app.rvx.android.apps.youtube.music,1,3,4
com.brainy.prankster.puzzle,1,3,4
com.iudesk.android.photo.editor,1,3,4
com.garmin.android.apps.connectmobile,3,1,4
com.cutestudio.pdfviewer,3,1,4
id.dana.kasir,3,1,4
com.sporttv.idstreaminghd,1,3,4
com.leivideo.raptdrama,1,3,4
com.paperdoll.diary.dressup.game,1,3,4
com.tencent.igxiaomi,2,2,4
com.meetyou.intl,1,3,4
hn.zip.unzip.compressfile.extractfile.compressfolder,1,3,4
com.tm.bahunda,1,3,4
com.jeyluta.timestampcamera,1,3,4
net.psyberia.offlinemaps,1,3,4
collage.photocollage.collagemaker.photoeditor.photogrid,1,3,4
com.party.fyhk.xm,2,2,4
com.risa.umbra,2,2,4
co.id.taf.flex3,3,1,4
com.mlink.ai.chat.assistant.robot,2,2,4
com.parakekok.komiku,1,3,4
com.starlink.mobile,1,3,4
com.tzl.clubstory.xm,1,3,4
no.mobitroll.kahoot.android,2,2,4
com.vip33L.com2,2,2,4
com.octabroker,1,3,4
com.flyc.aurora,1,3,4
mbank.diy,1,3,4
com.myshort.dramashort,1,3,4
com.codespaceapps.meetingtranscriber,1,3,4
com.javcute.onet_klasik,1,3,4
id.co.kantorkita.app.kantorkita,2,2,4
com.fusionmedia.investing,1,3,4
com.rupiahbersama.uang.id,1,3,4
com.psma.videosplitter,3,1,4
com.transsion.oraimohealth,1,3,4
com.bakmiandroid.app,2,2,4
com.ninja.toolkit.pulse.fake.gps.pro,2,2,4
com.SignMaker.signature.pdf.docs,3,1,4
free.translate.all.language.translator,3,1,4
diy.makeup.artist.jogo.maquiagem.maquillaje.makyaj.oyunu,2,2,4
com.dnypnds.short.play.reels.vod,1,3,4
com.keystone.gh.lpp,1,3,4
com.grice.dialer,1,3,4
mark.via.gp,1,3,4
com.shorttv.reels.joy,1,3,4
com.drama.pop,1,3,4
com.appnovasi.AddTimestampManualOnPhotos,3,1,4
id.co.speedcash.merchant,1,3,4
beauty.hd.camera,2,2,4
com.crystal.block.blitz.fun,3,1,4
id.anteraja.aca,2,2,4
com.muslim.android,2,2,4
com.gplay.annoying.puzzle.game,3,1,4
com.overo.capital.mb.bci,2,2,4
com.jmc.catatankeuangan,3,1,4
com.jvstudios.gpstracker,1,3,4
com.tigo.flower,2,2,4
com.root.clean.boost.explorer.filemanager,1,3,4
com.radio.fmradio,1,3,4
com.myworkspace,1,3,4
com.samsung.accessory.pearlmgr,3,1,4
com.pin.screw.color.nuts.bolts.spin.free.game,1,3,4
es.monkimun.lingokids,1,3,4
com.miniclip.realsniper,1,3,4
com.wallpaperscraft.wallpaper,2,2,4
com.amanotes.beathopper,3,1,4
com.imangi.templerun2,1,3,4
com.traffic.motorcycle.rider.driving.racing.open.sandbox.world,1,3,4
com.moslay,2,2,4
com.hiroclub.loyalty,1,3,4
com.lilisg,1,3,4
com.vivo.website,2,2,4
com.instapro.android,2,2,4
com.bid.master.war.auction.battle,2,2,4
com.mmm.trebelmusic,1,3,4
com.toluna.webservice,1,3,4
zuma.deluxe.marble.crush.match.free,1,3,4
id.hsbc.hsbcindonesia,2,2,4
com.starbucks.id,2,2,4
com.microsoft.copilot,2,2,4
app.kalender.jawa,1,3,4
net.simetris.rssardjitoapp,2,2,4
com.bravestars.hair.salon.beauty,1,3,4
com.easilydo.mail,1,3,4
ngi.muchi.jatimajaib,1,3,4
com.miui.fm,1,3,4
com.gamestar.perfectpiano,1,3,4
com.SNG.Pool.Billiard,1,3,4
stepcounter.pedometer.stepstracker,1,3,4
whatsappstatussaver.status,1,3,4
com.tuntunansholatlengkap.sholatfardudansunnahlengkap,1,3,4
com.planner5d.planner5d,1,3,4
com.daerisoft.thespikerm,1,3,4
com.glodon.drawingexplorer,1,3,4
fb.video.downloader,1,3,4
com.youku.international.phone,1,3,4
com.samsung.android.waterplugin,2,2,4
com.sl777.app,1,3,4
com.bubblepop.cannon.puzzle,3,1,4
com.critical.strike2,1,3,4
com.akseleran.crowdfund,3,1,4
app.kids360.parent,1,3,4
com.skype.raider,1,3,4
com.dud.pinjolpalinggampangcair,1,3,4
com.samsung.android.bixby.ondevice.enus,1,3,4
com.kigle.project.tayocon_theme,1,3,4
com.dayf.drshdr,2,2,4
com.olymptrade.broker,2,2,4
com.thinkyeah.galleryvault,1,3,4
com.screenmirrorapp,2,2,4
com.robtopx.geometryjumplite,1,3,4
app.ninjavpn.android,2,2,4
com.upscrolled.app,1,3,4
com.fiverr.fiverr,2,2,4
com.hsp.yn.rpok,1,3,4
com.runtastic.android,3,1,4
com.Sihirspincoming.Sihir,1,3,4
photo.beauty.sticker.ar.camera,1,3,4
com.phongphan.miracast,1,3,4
com.GybeGames.ColorBlockJam,1,3,4
com.bitget.exchange,2,2,4
com.bareksa.app,2,2,4
com.surat.yasin.fadilah.lengkap.latin.amalan.terjemah,1,3,4
com.ncwallet,1,3,4
com.kinemaster.app.spring,1,3,4
com.pxnetwork,2,2,4
com.octapulse,1,3,4
com.simadamri.damriapps,1,3,4
com.jaredco.screengrabber8,2,2,4
com.alkitabku.android,2,2,4
com.mt.tokogame,2,2,4
com.mantap.pac,1,3,4
com.id4sky99.ntsky99ct3,2,2,4
com.oasisfeng.island,1,3,4
com.mandiriinhealthmobile,1,3,4
com.appjutaanpinjaman.terbaik,1,3,4
com.akgame.KM777,1,3,4
com.stickify.stickermaker,1,3,4
com.danasyariah.mobiledanasyariah,2,2,4
holywings.id.android,2,2,4
com.pocketchamps.game,1,3,4
com.aceh.action,3,1,4
com.duosecurity.duomobile,2,2,4
com.google.android.apps.dynamite,2,2,4
com.microsoft.office.onenote,2,2,4
com.arvin.browser,1,3,4
vidma.screenrecorder.videorecorder.videoeditor.lite,2,2,4
com.samsung.android.wonderland.wallpaper,2,2,4
com.TeamTerrible.BabyInYellow,1,3,4
com.sortfluids.nsb,2,2,4
com.officedocument.word.docx.document.viewer,1,3,4
com.edobi.app,2,2,4
pdfreader.pdfviewer.editor.scanner,1,3,4
com.mintgames.schuman.ablock,1,3,4
com.bintang.dopreel,2,2,4
com.samsung.android.keyscafe,2,2,4
com.antivirus,2,2,4
com.moon.craft.buildingcraft,1,3,4
com.moonvideo.android.resso,1,3,4
kling.ai.video.chat,2,2,4
com.rhythm.rush.piano.music.tile.song.games.guitar.tiles,1,3,4
com.dysugar.jewels.prince,1,3,4
com.mika.app,2,2,4
id.co.fooma,2,2,4
com.airasia.mobile,3,1,4
com.xiaozhen.beauty.hnd,1,3,4
app.bumpy.android,3,1,4
com.id2hp777.nthp777,1,3,4
com.jt.express.indonesia.operate.out,2,2,4
id.t_rec.app,1,3,4
com.pinjoltujuhratusriburupiah.cepatcair.berkahabadijayayk,1,3,4
co.id.myhana.app,1,3,4
com.octafx,1,3,4
com.higgs.cubemaster3d,1,3,4
com.bulog.banpang,1,3,4
com.tricolorcat.calculator,1,3,4
com.water.sort.ball.game.puzzle2048.dop.free.huawei,1,3,4
com.thehub.apps,2,2,4
com.falnesc.statussaver,1,3,4
com.photoappworld.cut.paste.photo,1,3,4
com.fungames.sniper3d,1,3,4
com.pinjol.pasti.acc.dan.cair,1,2,3
headphonemodeoff.headphonejackfix.disableheadphone.enablespeaker,1,2,3
id.kredivo.mitra,1,2,3
com.playgendary.tanks,1,2,3
com.gps.map.camera.timestamp.photo.location.weather.stamp,1,2,3
com.pvp.klikoo.original,2,1,3
com.id.iconpln.acmt,1,2,3
com.wood.bolt.wordle.screw.nuts.puzzle,2,1,3
com.pinjamanappcheck.tipsbicheckguide,2,1,3
com.iyaltamizh.bluetoothprint,1,2,3
com.bmri.mobiletoken,2,1,3
com.wizconnected.wiz2,1,2,3
com.cheerful.drama.short.smartvideo,1,2,3
tweeter.savetwitter.twittervideodownloader.downloadtwittervideos,1,2,3
com.pinjolcair24jamcepatguide.pinjol24jamcepatcair,1,2,3
com.one.m1.world,1,2,3
com.fatmerge.global,2,1,3
com.x.vpn,1,2,3
com.funcamerastudio.videomaker,2,1,3
com.officeapp.pdfreader.pdfviewer,1,2,3
com.glgjing.captain,2,1,3
com.garmin.connectiq,2,1,3
com.ojkbunga.rendahtipsguide,1,2,3
com.mediamushroom.copymydata,1,2,3
com.appmind.radios.id,2,1,3
com.findmyphone.numberlocator,1,2,3
com.miHoYo.bh3oversea,1,2,3
com.samsung.accessory.neobeanmgr,1,2,3
com.skgames.trafficrider,1,2,3
com.nano.art.ai.generator,1,2,3
meet.chat.messages,1,2,3
com.blodhgard.easybudget,1,2,3
com.tongyi.intl,2,1,3
com.vidmat.allvideodownloader,1,2,3
sicantik.bkpsdm.bogorkab,2,1,3
alkitab.kristen.protestan,1,2,3
com.wave.keyboard.theme.diamondanimatedkeyboard,1,2,3
com.fengiiley.frlegends,1,2,3
com.bankmaju.dcb.member,2,1,3
com.asf.lender,2,1,3
com.Esproject.ESTS,1,2,3
com.vaultmicro.camerafi.live,1,2,3
photo.video.instasaveapp,1,2,3
com.fashionlink.northstone,1,2,3
com.sec.android.app.camera.sticker,1,2,3
photo.manager.private.photogallery,1,2,3
com.ta.strike.ops,1,2,3
com.tvf.anti.stress.relaxing.mini.games,1,2,3
com.koperasiAstra.koperasiastra,1,2,3
com.reidx.locato,2,1,3
com.rec.screen,1,2,3
com.anvigame.pdfreader.pdfeditor,1,2,3
sg.gov.ica.mobile.app,1,2,3
phone.cleaner.speed.booster.cache.clean.android.master,1,2,3
com.indokoala.transfez,2,1,3
com.helpio.ubiklan,2,1,3
id.disbekal.sibensam,2,1,3
org.schabi.newpipe,2,1,3
com.cloudmosa.puffinFree,1,2,3
com.hideitpro,2,1,3
ojk.mobileappppid,2,1,3
com.mrt.jakarta,1,2,3
com.esta.app,1,2,3
image.to.text.ocr,2,1,3
com.cyberlink.youcammakeup,1,2,3
com.dwidasa.bmas.mb.android,1,2,3
com.cyberlink.powerdirector.DRA140225_01,2,1,3
com.pronetis.ironball2,1,2,3
com.distimo.phoneguardian,1,2,3
com.ptproban.memberapp,1,2,3
com.thmobile.logomaker,1,2,3
com.nova.peshub22,2,1,3
com.brokep.browser.anti.blokir,1,2,3
com.samsung.updatecarriermatchomc,1,2,3
com.pelindo.my,1,2,3
com.kiora.thirdapp,1,2,3
com.storage.androidcleaner,1,2,3
global.fwd.omne,1,2,3
com.matchu.machat,1,2,3
com.lucksvip.app,1,2,3
com.vigloo,1,2,3
com.ea.game.nfs14_row,2,1,3
com.playgendary.kickthebuddy,1,2,3
com.tsyatsya.mechangelion,1,2,3
com.woden.celestis,1,2,3
id.co.ptpds.presensi,2,1,3
com.kokteyl.goal,1,2,3
com.sand.airdroidkids,1,2,3
com.quranreading.qibladirection,1,2,3
com.loudtalks,1,2,3
id.ssdmpolri.erohani,1,2,3
com.rovio.angrybirdsfriends,1,2,3
com.simplescan.scanner,1,2,3
com.sae.polda,1,2,3
com.app.gtechofficial,1,2,3
com.atom.net,1,2,3
com.dreame.reader.indonesia,1,2,3
com.jala8.live,1,2,3
com.CubeSoftware.BattleOfWarships,1,2,3
game.water.sort.puzzle.android,2,1,3
com.nemoholding.android.rubi,1,2,3
network.bee.app,1,2,3
com.backfight.android,1,2,3
com.sinagajateng.bkdprov,1,2,3
com.lkpp_bbgs.spse_authenticator,1,2,3
car.parking.jam.car.park.busgames.drive.out,1,2,3
com.app.cerb.mcp7g,1,2,3
com.ysxlite.cam,1,2,3
id.artaku.mobile,1,2,3
com.cookingo.perfect.meal,1,2,3
com.jitu.presisi.mobile,1,2,3
com.excel.spreadsheet.reader,1,2,3
com.crrepa.band.advansw,2,1,3
com.google.android.street,1,2,3
com.RastleksGames.TheShootout,1,2,3
com.sweetfuirt.candy,1,2,3
com.kerjaan.app,2,1,3
com.anchor.quiz.ktz,2,1,3
com.pure.relics.merge,2,1,3
com.maxim_market_merchant,1,2,3
com.xman.sea.gp,1,2,3
org.streaming.lk21official,1,2,3
id.nusacermat.app,2,1,3
ru.a402d.rawbtprinter,1,2,3
com.dwidasa.jambi.mb.android,2,1,3
wool.match.color.sort.jam.puzzle,1,2,3
com.digital.indosat.dealerapp,1,2,3
com.ashnatech.thirdeye.intruderselfie.backgroundvideorecording,1,2,3
id.growin.mandirisekuritas,1,2,3
applock.lockapps.fingerprint.password.lockit,1,2,3
com.eucg.iy1060.yrrxurm,1,2,3
com.nbs.useetv,1,2,3
com.banksumut.samsatmobile,1,2,3
com.fpg.thiefstickman,1,2,3
com.kimiafarma.online,1,2,3
com.snake.io.slither.merge.fun.game,1,2,3
com.gss.sispin.kppdmobile,1,2,3
com.pdf.note.reader,1,2,3
com.antivirus.mobilesecurity.viruscleaner.applock,2,1,3
com.lyoomatch.woodpuzzle.woodenblockpuzzlegame.brick,1,2,3
com.chad.financialrecord,1,2,3
id.co.bni.sms,1,2,3
sheep.animal.parking.puzzle.game.jam,1,2,3
com.miniclip.drone1,1,2,3
gofasting.fastingtracker.fasting.intermittentfasting,2,1,3
ai.bohemian.goldensurveys,1,2,3
com.dstukalov.wavideostickers,1,2,3
com.download.music.mp3.downloader.free.lagu.song.app,1,2,3
com.naxclow.v720,1,2,3
com.story.drama.berries,1,2,3
com.findit.id,2,1,3
music.musicplayer,1,2,3
com.wondershare.filmorago,1,2,3
com.anyreel.android.app,1,2,3
com.hm.gillcaptital,1,2,3
com.sweeper.phone.cleaner.junk,1,2,3
com.wolftv.wolf,1,2,3
com.vtool.photovideomaker.slideshow.videoeditor,1,2,3
space.fighter.shooting.games,1,2,3
com.tap_to_translate.snap_translate,1,2,3
winter.whatsapp.status.save.statussaver,2,1,3
app.dazz.live,1,2,3
proxy.browser.unblock.sites.proxybrowser.unblocksites,1,2,3
qrcodereader.barcodescanner.scan.qrscanner,1,2,3
com.lutech.holyquran,2,1,3
pdf.scanner.editor.cam,1,2,3
com.bankmandiri.mandirionline,1,2,3
free.vpn.private,2,1,3
skypeak.jelly.spin.rewards,2,1,3
com.xm.webapp,1,2,3
solitaire.patience.card.games.klondike.free,1,2,3
com.sl888.com2,2,1,3
com.gamedots.seasideescape,2,1,3
com.nexar.spider.web.shooting.puzzles,1,2,3
com.waplog.social,1,2,3
org.localsend.localsend_app,1,2,3
com.macrovideo.franwell,1,2,3
gallery.photogallery.pictures.vault.album,1,2,3
com.epsxe.ePSXe,1,2,3
com.uc.gym.clicker,1,2,3
com.finflex.finpartner,2,1,3
com.flyc.redon,1,2,3
com.melodis.midomiMusicIdentifier.freemium,2,1,3
com.shieldme.applock.pin.pattern,1,2,3
com.goodsmatch3d.find.puzzle,1,2,3
com.hsp.yn.jktwin,1,2,3
com.rubygames.assassin,1,2,3
com.goquo.jt.app,2,1,3
com.ea.games.simsfreeplay_row,2,1,3
com.highsecure.ledkeyboard,2,1,3
com.wave.keyboard,1,2,3
com.sl.visual,1,2,3
com.print.label,1,2,3
com.simplemobiletools.contacts,1,2,3
com.tvindnet.ptenamsaudaraey,1,2,3
io.urobots.travelboast,1,2,3
com.bossgame.domino,1,2,3
music.video.photo.slideshow.maker,2,1,3
com.casio.gshockmove,1,2,3
com.shuntec.kakalive,1,2,3
com.remi.lol.games,1,2,3
com.fyc.mnl,1,2,3
com.dupoin.indonesia,2,1,3
com.id.uang.kuy.android,1,2,3
com.now.pinjaman.online.android,1,2,3
id.allofresh.ecommerce,1,2,3
com.karyakarsa,1,2,3
xyz.indonesiabisa.pkb,2,1,3
com.proxy1111.bfbrowser,1,2,3
com.baseus.intelligent,1,2,3
com.mmb.gallery,1,2,3
cn.feelcool.easyfiles,1,2,3
com.tricky.dramas.shortstories,1,2,3
com.sybogames.subway.surfers.game,2,1,3
com.android.MGC,1,2,3
com.mobirix.swipebrick2,1,2,3
com.cambyte.okenscan,1,2,3
com.ss.sinsengo,2,1,3
com.hatsune.eagleee,1,2,3
it.rortos.realflightsimulator,1,2,3
voicechanger.voiceeffects.soundeffects.voiceavatar,1,2,3
com.biglime.cookingmadness,1,2,3
com.Parkour.Master.Obby.Games,1,2,3
com.bm.sc.keris,2,1,3
com.EternalStudio.GearFight,1,2,3
com.soul.zhongjianshang,1,2,3
com.cinematichororuniverse.dmsplus,2,1,3
com.je.supersus,2,1,3
evermos.evermos.com.evermos,1,2,3
video.watermaker.remover.logo.videowatermark,1,2,3
com.dataeast.carrymap,1,2,3
com.mobile.myeye,2,1,3
com.turbo.merge.cars,1,2,3
com.gorgeous.liteinternational,2,1,3
com.viber.voip,2,1,3
com.sinyee.babybus.taxi.overseas,2,1,3
imagetopdf.pdfconverter.img2pdf.jpgtopdf.pdfmaker,2,1,3
com.vkontakte.android,2,1,3
com.reddit.frontpage,1,2,3
com.fbig.words,2,1,3
com.accordion.analogcam,2,1,3
com.sp.rope.escape.master,1,2,3
com.imendon.fomz,1,2,3
com.vpnproxy.secure.free.privacy,1,2,3
com.bankpapua.mobilebanking,2,1,3
com.jugaadsoft.removeunwantedobject,1,2,3
com.moladin.dealer,1,2,3
free.mediaplayer.mp3.audio.music,1,2,3
com.bakeudaprovkalsel.info_pajak,1,2,3
com.xiaomi.hm.health,1,2,3
com.funnyvideo.cgame.vitamin.pop,1,2,3
com.bun.dpn.dapenbun_ku,1,2,3
com.diy.boba.drink,2,1,3
com.watermelonmerge.game,2,1,3
com.wingscorp.wingsstore,2,1,3
vidma.screenrecorder.videorecorder.videoeditor.pro,1,2,3
id.co.adira.dira,2,1,3
com.webmajstr.gpsonpro,2,1,3
com.ww.trackerone,2,1,3
com.cice.appcice,1,2,3
com.sgmediapp.gcam,2,1,3
com.midi.siminfo,1,2,3
com.global.pnck,2,1,3
com.sega.sonicdash,2,1,3
com.gm.bear.xm,1,2,3
com.mg0.pf,1,2,3
com.hw.gecko.escape,1,2,3
com.story.blast.video.play,1,2,3
com.trade.iq.app.andi,2,1,3
com.tencent.voov,1,2,3
com.facemoji.lite,1,2,3
com.bpomttac,2,1,3
id.go.kemensos.sagismobile,2,1,3
com.huami.watch.hmwatchmanager,1,2,3
com.adjiofficial.suratyasindandoatahlilterjemahan,2,1,3
com.cron.calendar,2,1,3
cc.relive.reliveapp,1,2,3
id.co.smmf.mobile.smmf_one,2,1,3
com.voyagerx.scanner,1,2,3
com.wgvncg.rcogu969.fjrz,1,2,3
master.city.building.craft.block.community,1,2,3
todolist.scheduleplanner.dailyplanner.todo.reminders,2,1,3
com.pelitaair.b2c,2,1,3
tweeter.gif.twittervideodownloader,1,2,3
com.hutchison.rita,1,2,3
com.tni.etwpad,1,2,3
com.indomaret.superapp,1,2,3
com.hashkey.global,1,2,3
com.coinbase.android,1,2,3
com.bittime.currency.exchange,1,2,3
com.jiwa.jiwagroup,1,2,3
com.office.document.reader.viewer.editor,1,2,3
sniper.shooter.offline.games.gun.aldagames.com,2,1,3
com.vielianztlabs.browser,2,1,3
com.vanced.android.youtube,1,2,3
com.jamworks.dynamicspot,1,2,3
com.tapera.mobile,1,2,3
com.pdfreader.editor.viewer.pdfviewer,1,2,3
id.co.sevima.edlink,1,2,3
com.hab.mobile,1,2,3
com.miui.enbbs,1,2,3
com.agus.calendar.id,1,2,3
com.hollandbakery.ecommerce,1,2,3
com.aim.racing,1,2,3
com.puzzle.fun.free.ballsortpro,2,1,3
com.ig.skewer.jam.food.sort,2,1,3
com.JindoBlu.TwoPlayerGamesChallenge,2,1,3
com.moneymanager.family.saving.tracker,1,2,3
com.selene.lunara,1,2,3
com.apple.movetoios,2,1,3
com.docxreader.documentreader.wordoffice,2,1,3
com.loan.emi.calc.simple,1,2,3
com.cleanerelite.ee,1,2,3
com.pdf.document.reader,1,2,3
com.tunaipinjaman.ganyong,1,2,3
video.reface.app,1,2,3
com.johky.sembahyangindofree,2,1,3
com.kubi.kucoin,1,2,3
com.sl999.com2,1,2,3
me.rainbow,1,2,3
com.blocky.joy.quest,2,1,3
com.happy.balls.dropmerge,1,2,3
free.vpn.unblock.fast.proxy.vpn.master.pro.lite,1,2,3
qrscanner.barcodescanner.qrcodereader.qrgenerator,1,2,3
com.ludashi.dualspaceprox,1,2,3
com.halo777.app,1,2,3
com.dash.flick.fk,1,2,3
com.glority.everlens,2,1,3
com.hp.pregnancy.lite,1,2,3
com.google.android.apps.healthdata,1,2,3
sensustech.android.tv.remote.control,1,2,3
pro.bingbon.app,2,1,3
com.magicwagai.cube,1,2,3
com.duygiangdg.magiceraser,1,2,3
com.mexcpro.client,2,1,3
com.spotify.lite,1,2,3
com.run.squid.challenges.survival.clash,2,1,3
com.disprz,1,2,3
com.m4pmedia.nextbotevade,1,2,3
com.microsoft.rdc.androidx,1,2,3
com.google.android.apps.tasks,1,2,3
com.unichlabs.unich.prd.android,1,2,3
com.tv.loklok,1,2,3
com.mi.health,1,2,3
yay.marvelous.orange.corp,1,2,3
com.maxim.driver,1,2,3
com.mystenlabs.suiwallet,1,2,3
com.syco.phone.contacts,1,2,3
com.wom.kawan_prod,2,1,3
com.hotplay.puzzlegames,1,2,3
com.ultravoucher.uv,1,2,3
com.crocodiledentist,1,2,3
com.rosalia.indah,1,2,3
com.game.air.shooter,2,1,3
com.neurobro.browser,1,2,3
com.esri.fieldmaps,2,1,3
gogolook.callgogolook2,2,1,3
whatsapp.status.saive,1,2,3
statussaver.statusdownloader.videodownloader.wastatus,1,2,3
com.pasarkuota.apk,2,1,3
hd.filter.camera,2,1,3
com.fullmetalgamedev.coffeerun3d,2,1,3
com.rupiahapp.explanationguidepinjam,1,2,3
com.samsung.android.galaxycontinuity,1,2,3
com.soomapps.screenmirroring,1,2,3
com.tebakgambar,2,1,3
com.tipsmessenger.whatsmassenger2019,1,2,3
com.id.pinjaman.aktivaku.google,1,2,3
com.sinyee.babybus.policemen.overseas,1,2,3
com.muf.id,1,2,3
com.drama.rich.shorts,1,2,3
my.com.tngdigital.ewallet,1,2,3
com.candycamera.android.filter.classic,1,2,3
com.ordinaryjoy.block.vivo,1,2,3
com.dynamixsoftware.printershare,2,1,3
com.maxgames.stickwarlegacy,1,2,3
com.icecoldapps.screenshoteasy,1,2,3
puzzle.blockpuzzle.cube.relax,2,1,3
id.boga.mybogaapp,2,1,3
com.bubadu.duddu,1,2,3
offroad.racing.game,1,2,3
com.dud.pinjolpasticaircepat,1,2,3
com.solitekids.secilpelajarantkdanpaud,2,1,3
com.lemomo.indonesia.shopping,1,2,3
music.basss.booster.effect.equalizer,1,2,3
com.appkitchen.teleprompter,2,1,3
com.zynga.livepoker,1,2,3
com.vip777rt.com2,1,2,3
com.BFFgerew.SplitMelfwe,2,1,3
com.yandex.browser,1,2,3
com.tukarpulsa,2,1,3
com.alwaysvolumebutton,1,2,3
lite.cryptotab.android,1,2,3
com.playfungame.jp,1,2,3
com.earnpay.solusiku,1,2,3
com.bh.house.xm,1,2,3
com.sinyee.babybus.princessII,1,2,3
com.apsupports.msiaps2,2,1,3
com.xlink.xmobilebankingadkalbar,2,1,3
com.huawei.maps.app,2,1,3
com.wavemusicplayer.app,1,2,3
com.cleanerflow.flow,2,1,3
com.mekari.flex,1,2,3
com.loan.smart.finance.quickapply,2,1,3
com.ixdigit.hanson,2,1,3
com.legendofheroes.ultramangames,1,2,3
com.gamebrain.hexasort,1,2,3
com.bigcake.android.bpdaily,1,2,3
com.photo.imageeditor.photography,2,1,3
com.tvt.superliveplus,2,1,3
com.sofeh.android.musicstudio3,2,1,3
com.mypulsa,1,2,3
com.idamusic.lines,1,2,3
photography.blackgallery.android,2,1,3
com.aeoncredit.id.preassessment.creditcard,2,1,3
com.tuya.smartlife,2,1,3
com.watchfun.classearjoy,2,1,3
com.dwidasa.bws.mb.android,1,2,3
com.edgepro.controlcenter.freess,2,1,3
com.yadavapp.clocklivewallpaper,2,1,3
com.quint.turne,1,2,3
onet.tile.match.puzzle.android,1,2,3
com.weather.nold.forecast,2,1,3
id.gaji.essv2,1,2,3
com.mastar.app,1,2,3
com.okta.android.auth,2,1,3
com.tplink.tpm5,2,1,3
com.Hadiz.Yogaflex,1,2,3
com.suchat.app,1,2,3
makeup.salon.beauty.diy.artist.makeover,2,1,3
com.WandaSoftware.TruckersofEurope3,2,1,3
com.fin.topkredit,1,2,3
com.maximo.painelled,2,1,3
com.parkee,1,2,3
com.pleco.chinesesystem,2,1,3
com.fineart.universal.tv.remote.control,2,1,3
com.forshared.files,2,1,3
com.nikon.wu.wmau,2,1,3
com.numbuster.android,1,2,3
com.AlxBear.MakeupMavenPriya,1,2,3
com.xindongfy.new.horriblegranny2.vivo,2,1,3
closet.match.pair.matching.games,1,2,3
com.harvest.android,2,1,3
com.lgeha.nuts,1,1,2
com.TTT.logomaker.logocreator.generator.designer,1,1,2
com.pegipegi.android,1,1,2
sortpuz.water.sort.puzzle.game,1,1,2
com.jaga.ibraceletplus.aigoband,1,1,2
com.jala9.live,1,1,2
com.kiosdana.android,1,1,2
camera.timestamp.gpsmap.photo.gpscamera,1,1,2
com.Vinyl.Racervf,1,1,2
com.poldakaltim.telabangmandau,1,1,2
com.ragil.convert,1,1,2
app.video.converter,1,1,2
com.jakarta.baca,1,1,2
com.nekki.shadowfight3,1,1,2
com.viprp99.com2,1,1,2
com.HikmahMustopa.UltraGyroscopeRB,1,1,2
com.rockstargames.gtasa,1,1,2
com.czw.freefit.ienjoy,1,1,2
donwloader.ins.fb.twitter.videodownloader,1,1,2
id.trakteer.app.trakteer_mobile,1,1,2
gallery.photomanager.picturegalleryapp.imagegallery,1,1,2
id.go.jatengprov.jateng_ngopeni_nglakoni.jateng_ngopeni_nglakoni,1,1,2
com.blued.international.qy,1,1,2
org.findmykids.app,1,1,2
com.launcher.ios11.iphonex,1,1,2
com.pdf.read.view.editor.pdfreader.pdfviewer,1,1,2
com.idnFinTag.google,1,1,2
cn.feelcool.superfiles,1,1,2
com.fillpdf.pdfeditor.pdfsign,1,1,2
com.picmix.mobile,1,1,2
musicplayer.musicapp.playmusic.mp3player,1,1,2
lt.noframe.fieldsareameasure,1,1,2
com.tencent.wework,1,1,2
club.setia.champ.android,1,1,2
com.swwkbp.mhqq.gbjdcomic,1,1,2
com.ywhy.yjcr,1,1,2
com.fusi24.berau.hse,1,1,2
com.msk.moski,1,1,2
com.junejune.junejune,1,1,2
com.asyncbyte.moneytracker,1,1,2
okeko.animein.stream,1,1,2
com.jrusly.JRChord,1,1,2
com.videodownloader.snap.originalapktube,1,1,2
com.momoklucky.goconvenstorrasd,1,1,2
com.dforge.everbest,1,1,2
com.Kindle.Keepdfsser,1,1,2
com.jonathanpuckey.radiogarden,1,1,2
com.gameamong.donutbubbleshoot,1,1,2
com.magic.water.puzzle,1,1,2
prediksi.lengkap,1,1,2
com.tarboosh.collectemall,1,1,2
art.widgeet.android,1,1,2
com.clickworker.clickworkerapp,1,1,2
com.tripledot.triple.tile.match.pair.game.three.master.object,1,1,2
com.sweetmaple.block.gp,1,1,2
com.sngict.rummy.gin,1,1,2
com.sukmaconvert.sukma,1,1,2
com.policetube,1,1,2
com.stealthgame.master,1,1,2
info.yogantara.utmgeomap,1,1,2
com.llx.chess,1,1,2
com.changdu.idreader,1,1,2
com.ummutech.connect,1,1,2
com.nut.sort.relax,1,1,2
com.a2a.android.onb,1,1,2
com.gameloft.android.ANMP.GloftA9HM,1,1,2
ai.character.app,1,1,2
shy.smartled,1,1,2
media.music.musicplayer,1,1,2
com.slotslimited.fatcatcasino.android,1,1,2
com.sinyee.babybus.rescueII,1,1,2
com.wasteland.heart,1,1,2
com.laboladoapp.labo_brick_car2,1,1,2
com.rosteam.gpsemulator,1,1,2
com.simc.simlinmasapp,1,1,2
com.lovenovel.read,1,1,2
com.evolution.merge,1,1,2
com.samsung.android.gearrplugin,1,1,2
com.dumplingsandwich.pencilsketch,1,1,2
slideshow.videomaker.music.photoslideshow,1,1,2
com.maximus_integrasi.app,1,1,2
com.sharpened.androidfileviewer,1,1,2
com.loan.instantcash.finance.borrower,1,1,2
com.hole.collector.launcher.free.game.poute,1,1,2
two.factor.authenticator.generator.code,1,1,2
com.huabao.hris,1,1,2
org.dayup.stocks.id,1,1,2
com.bri.mybri,1,1,2
com.appmusicdownload.musicdownloadervani2app,1,1,2
com.tohsoft.music.mp3.mp3player,1,1,2
id.co.bni.simponi,1,1,2
comb.blackvuec,1,1,2
com.tv.mini.short,1,1,2
com.app.logex,1,1,2
com.dsi.ant.service.socket,1,1,2
com.camera.sweet.beauty.fillter.selfiecamera,1,1,2
com.exo.app.hd.camera,1,1,2
com.eyezy.android,1,1,2
com.makassar.superapps,1,1,2
com.finetiks.mobile,1,1,2
com.geotrackpro.gpsphonelocationtracker,1,1,2
com.sharlocation.friend.family,1,1,2
com.dsi.ant.plugins.antplus,1,1,2
com.tofu.videosfplayer,1,1,2
com.sina.weibo,1,1,2
com.solou.catendless.run,1,1,2
com.sega.FootballClubChampions,1,1,2
id.go.kemensos.sikdmobile,1,1,2
mbs.diamond.capsasusun,1,1,2
tv.twitch.android.app,1,1,2
cek.pajakkendaraanjabar,1,1,2
com.gtsy.passengerexpress,1,1,2
com.cace.finace.toof,1,1,2
com.toilet.rush.to.home,1,1,2
com.samsung.android.app.simplesharing,1,1,2
com.trackermurah.gps,1,1,2
com.linuxauthority.screenrecorder,1,1,2
com.nandifs.SIAPMobilePlus,1,1,2
com.softwareupdate.updatesoftware.updateallapp.phoneupdates.appupdate,1,1,2
dev.iconpln.mims,1,1,2
com.id1menangbet.ntmenangbet,1,1,2
com.sec.spp.push,1,1,2
com.lyrebirdstudio.sticker_maker,1,1,2
com.jrsoftworx.winkelmesser,1,1,2
com.thisisapril.mobile,1,1,2
amalia.com,1,1,2
com.honanStudio.driveX,1,1,2
com.apps.carefast,1,1,2
com.fcg.tricky.puzzle.mini.games,1,1,2
com.all.document.reader.my.pdf,1,1,2
com.dev47apps.droidcam,1,1,2
cn.com.yimm.dpack,1,1,2
screenrecorder.recorder.editor,1,1,2
com.tagihan.indihome,1,1,2
com.elegant.games.car.drifting.driving.simulator,1,1,2
com.telkom.indihome.internal.technician,1,1,2
id.tacc.lensa,1,1,2
id.tacc.lensa3,1,1,2
id.tacc.lensa_chat,1,1,2
br.com.blackmountain.photo.text,1,1,2
co.mountainreacher.nocropforwhatsapp,1,1,2
id.kompas.app,1,1,2
com.gamepark.vehicle.simulator.driving.games,1,1,2
com.monotype.android.font.harmoniasanscondensed,1,1,2
com.shorts.drama.sz,1,1,2
com.kigle.cocobi.dentist,1,1,2
co.vulcanlabs.printer,1,1,2
air.byss.mobi.instaplacefree,1,1,2
com.tw.forex,1,1,2
com.whatsweb.app,1,1,2
com.garmin.android.apps.explore,1,1,2
com.mob.crowd.arena.wars,1,1,2
com.recover.deleted.text.messages.backup,1,1,2
com.andromo.dev442089.app510450,1,1,2
com.community.mbox.id,1,1,2
com.openmygame.games.android.fillwordsoffline,1,1,2
com.webpack.happyblockblast,1,1,2
com.yxhjandroid1.uhouzzdis,1,1,2
com.samsung.android.productsearch,1,1,2
com.google.android.apps.work.clouddpc,1,1,2
com.lastseenlog,1,1,2
com.sephora.digital,1,1,2
com.microsoft.designer,1,1,2
hai.lior.ukaleletunerfree,1,1,2
com.fugo.wowzen,1,1,2
com.favoriteapp.id,1,1,2
com.fingersoft.hillclimb,1,1,2
com.tripledot.woodoku,1,1,2
com.tenqube.notisave,1,1,2
id.go.polri.emental,1,1,2
com.sony.songpal.mdr,1,1,2
photos.gallery.album.imagelock.photovault,1,1,2
com.koanba.kipaskipas,1,1,2
com.kakao.talk,1,1,2
antamgold.android,1,1,2
id.go.kalbarprov.bapenda.samsat.app,1,1,2
com.PoxelStudios.DudeTheftAuto,1,1,2
id.co.aviana.m_pulsa,1,1,2
com.bluesky.best_ringtone.free2017,1,1,2
com.brother.mfc.brprint,1,1,2
com.silly.fun.smile.live.wallpaper,1,1,2
com.akumaju.apps,1,1,2
com.splendapps.shark,1,1,2
ringtonesforandroidphonefree.ringtones.ringtonessongs.ringtonesapp,1,1,2
com.icandesignapp.all,1,1,2
com.hellotalk,1,1,2
com.dv.adm,1,1,2
com.fattoy.shelter,1,1,2
com.ranch.mobile,1,1,2
kiis.diskominfo.kepri.siap,1,1,2
at.nk.tools.iTranslate,1,1,2
com.app.calculator.vault.hider,1,1,2
com.gamemalt.applocker,1,1,2
facebookvideodownloader.videodownloaderforfacebook,1,1,2
com.disdukcapil.layanantunggu,1,1,2
com.google.android.apps.cloudconsole,1,1,2
com.ktwapps.digitalcompass,1,1,2
com.akulakufinance,1,1,2
com.hairclipper.liedetector.brokenscreen.prankguys,1,1,2
com.shopee.shopeeseller,1,1,2
id.co.ioh.hifi,1,1,2
com.fevint.rs_syafira_apps,1,1,2
com.callerid.block,1,1,2
com.netease.nshmsea,1,1,2
id.sumberalam.app,1,1,2
com.deals.life,1,1,2
com.jsk.gpsareameasure,1,1,2
id.homecredit.much,1,1,2
id.co.danamon.dwallet,1,1,2
com.maleo.ojollife,1,1,2
com.lite.tera.iplayerbox,1,1,2
com.trophygames.truckmanager,1,1,2
com.heytap.wallet,1,1,2
com.weile.bygame,1,1,2
us.zoom.videomeetings4intune,1,1,2
com.salinastudio.live.football.tv,1,1,2
com.amelosinteractive.snake,1,1,2
air.com.hypah.io.slither,1,1,2
com.kajewDev.akuPeternakLELE,1,1,2
com.mobilelegends.taptest,1,1,2
com.id6sr777.ntsr777ct2,1,1,2
com.nagawin,1,1,2
com.rtg.streetsoccer.futsalgames.streetfootball.soccer.football,1,1,2
com.zjx.gamebox,1,1,2
id.co.miraeasset.stock,1,1,2
com.pdf.edit.read.pdfreader,1,1,2
com.dzikir.wirid.sesudah.shalat.ampuh,1,1,2
com.linwear.top,1,1,2
com.muslimidia.tuntunan_shalat,1,1,2
com.four4glte.only.networkmode,1,1,2
galleryapp.picturelock.gallerylock.albums,1,1,2
com.imipsapp.IMIP_Apps,1,1,2
com.ytv.player,1,1,2
com.arlonstudio.starsweep,1,1,2
com.nazer.gaming.blockfill,1,1,2
com.karaapp,1,1,2
com.epson.epsonsmart,1,1,2
com.bonbongame.kids.toddler.baby.care.games,1,1,2
com.blocky.quest,1,1,2
com.hotplay.babyexcavator,1,1,2
com.scaleup.chatai,1,1,2
com.viki.android,1,1,2
park.master.car.parking.games,1,1,2
com.bsg.bsgtouch,1,1,2
com.islamiapps.dalail,1,1,2
com.rumahsiapkerja.taqwa,1,1,2
com.scribd.app.reader0,1,1,2
com.scribd.app.reader0.docs,1,1,2
com.ai.avatar.face.portrait.app,1,1,2
com.wz.tank.robot.car.game,1,1,2
com.wastickerapps.whatsapp.stickers,1,1,2
ee.mtakso.client,1,1,2
com.word.block.puzzle.free.relax,1,1,2
com.pregnancy.tracker.due.date.countdown.contraction.timer,1,1,2
jp.co.omron.healthcare.omron_connect,1,1,2
com.newgeneration.qr.code.reader.qr.scanner.code.generator,1,1,2
pdfscanner.documentscan.camerascanner.pdfcreator,1,1,2
tv.mola.app,1,1,2
com.all.document.reader.doc.pdf.reader,1,1,2
com.kingsofgames.chessuniverse,1,1,2
com.handycloset.android.photolayers,1,1,2
com.languagetranslator.translatorapp.smartscanner.dictionary.translation.voicetranslator,1,1,2
com.read.goodnovel.mi,1,1,2
com.vip666f.com2,1,1,2
com.trimble.buildings.sketchup,1,1,2
com.noventure.minishorts,1,1,2
com.vip55rp.com2,1,1,2
io.supercent.prison,1,1,2
com.pkss.app,1,1,2
media.player.video.musicplayer,1,1,2
com.samsung.android.rajaampat,1,1,2
wan.util.showtime,1,1,2
com.chuangmi.imihome,1,1,2
com.samsung.android.aremojieditor,1,1,2
com.mm.android.smartlifeiot,1,1,2
id.doran.dorangadget,1,1,2
co.livesatelliteview,1,1,2
com.money.budget.expense.tracker.finance,1,1,2
com.gm.maestro.xm,1,1,2
com.digidust.elokence.akinator.freemium,1,1,2
com.gm.mini.xm,1,1,2
com.klook,1,1,2
com.negroni.android.satellitetracker.app,1,1,2
com.piriform.ccleaner,1,1,2
com.springwalk.mediaconverter,1,1,2
com.xbet.betindonesia.com,1,1,2
audio.mp3player.music.player,1,1,2
com.tyou.master.xm,1,1,2
com.muslimmer.prayer.times.qibla.compass.azan.holy.quran,1,1,2
com.video.welive,1,1,2
com.car.journey.game,1,1,2
net.peakgames.amy,1,1,2
com.v09.real.moto.bike.driving.racing.city.open.world,1,1,2
com.crypto.star,1,1,2
pdfreader.proeditor.freepdfviewer,1,1,2
com.wifipassword.wifimap.wifiscan,1,1,2
com.redteamobile.virtual.softsim,1,1,2
com.bible.kids,1,1,2
com.tzh.wifi.wificam.activity,1,1,2
com.lbe.parallel.intl.arm64,1,1,2
putulive.app.sport,1,1,2
com.melodybeat.music,1,1,2
com.ioscontrol.themed.control.center.smart,1,1,2
com.funnyvideo.cgame.treasure.elimination,1,1,2
com.estrongs.android.pop,1,1,2
com.sukronmoh.bwi.barcodescanner,1,1,2
com.ss.android.lark,1,1,2
ru.yandex.searchplugin,1,1,2
putulive.app.animalmerge,1,1,2
com.infinetmobile.btnsyariah,1,1,2
com.rapidconn.android,1,1,2
mbank.bengkulu,1,1,2
sg.cocofun,1,1,2
com.sisomobile.android.brightness,1,1,2
com.style_7.analogclocklivewallpaper_7,1,1,2
com.tsort.game,1,1,2
com.new789bni424.app,1,1,2
com.jacky.NailDesignStudio,1,1,2
com.studyevolution.android.anemo,1,1,2
com.musicplayer.music.app,1,1,2
com.gameeapp.android.app.match3,1,1,2
com.temporary.email.inboxes,1,1,2
com.teamviewer.quicksupport.market,1,1,2
com.genuine.leone,1,1,2
com.match.meditation,1,1,2
com.PRUforce,1,1,2
com.sicepat.consumer,1,1,2
qr.code.scanner.qr.code.reader,1,1,2
com.aci.viuit,1,1,2
live.earthmap.hdlive.app,1,1,2
air.kukulive.mailnow,1,1,2
com.recomn.sejasaspapp,1,1,2
com.ttterbagames.businesssimulator,1,1,2
com.pandaigadai,1,1,2
com.documentreader.documentviewer.office,1,1,2
com.mmb.filemanager,1,1,2
org.xbet.client.indobet,1,1,2
com.aconvert.jpg2pdf,1,1,2
com.iogame.gearworld,1,1,2
com.parallax3d.live.wallpapers,1,1,2
com.playakor.clashofcolor,1,1,2
com.accpinjol.kalkulatormudahcepat,1,1,2
com.yg.two.player.battle,1,1,2
com.assistindo.danagung.go,1,1,2
com.standardar.service,1,1,2
btc.cloud.mining.pro.android,1,1,2
pure.iconchanger.shortcut.iconeditor,1,1,2
com.mjgf.medical.xm,1,1,2
id.go.sulselprov.absensidisdik,1,1,2
com.nimbus.phonelocation.gpstracker,1,1,2
com.royale.cash,1,1,2
com.ww.oneway,1,1,2
id.astra.dso.digitalization,1,1,2
com.mi.globalminusscreen,1,1,2
com.bh.castle.xm,1,1,2
com.drpmobile,1,1,2
com.xyatm.AttackTheMonster,1,1,2
com.animal.match.link.combo,1,1,2
com.bebi.family.baby.coloring,1,1,2
org.u2u.wallet,1,1,2
com.duplicatefileremover.duplicatefilefinder.duplicatephoto,1,1,2
crypto.bitcoin.ethereum.litecoin.cloud.mining.eth.btc.ltc.hash.pool.cloud_mining,1,1,2
com.xd.metapass,1,1,2
com.telkomsel.digipos.dsirevamp.fmc,1,1,2
com.novelago.android.app,1,1,2
com.ibvm.wallet,1,1,2
com.usedialpade.icaller,1,1,2
com.topgamestudio.americanblocksnipersurvival,1,1,2
com.btpn.rlb,1,1,2
com.sinyee.babybus.shopping.overseas,1,1,2
car.smash.drive,1,1,2
com.kredivoseller.android,1,1,2
com.pinjolcair600ribucepatcairtips.pinjol600rbcairkeewallettip,1,1,2
com.pinjoltanpabichechingguide.pinjolcepatcairterbaruinfo,1,1,2
com.finaccel.lion,1,1,2
com.qred,1,1,2
com.saldoo.saldooapp,1,1,2
id.teknovate.nexapinjam,1,1,2
wearos.smart.watch.bt.sync.notifier,1,1,2
com.zotiger.accountbook,1,1,2
statussaver.whatsappsaver,1,1,2
com.mathpresso.qanda,1,1,2
id.co.tokomodal.mobile,1,1,2
com.htetznaing.zfont2,1,1,2
com.desert.strom.mobile.app.rriplaygo,1,1,2
com.bg.link.balls.connect.puzzle.game,1,1,2
com.ashaquavision.status.saver.downloader,1,1,2
com.pinjam.uang.dana,1,1,2
com.pijarmobile,1,1,2
com.fyhk.learning.mi,1,1,2
com.mykopdes.kopdes,1,1,2
com.duhasyariah.app,1,1,2
com.damtechdesigns.purepixel,1,1,2
com.phonecleaner.junkcleaner.viruscleaner.antivirus.virusscan,1,1,2
com.estakapital.investor,1,1,2
com.crunchyroll.crunchyroid,1,1,2
com.perfect.player,1,1,2
com.indodana.onsite.agent,1,1,2
com.investasiku.app,1,1,2
com.aplikita.ratib_al_haddad,1,1,2
com.railink.ticketing,1,1,2
com.klika2c.app,1,1,2
com.komunal.depositobpr,1,1,2
com.iz.cake.maker.free.baking.cooking.making.unicorn.decorating.chef.bakery.restaurant.games.girls,1,1,2
com.mboisdev.ongkir,1,1,2
com.moduitapp,1,1,2
com.nasaridigital.nadiconvensional,1,1,2
com.modular.ishangry,1,1,2
com.wemesh.android,1,1,2
com.hunteralex.changesignal,1,1,2
com.ethem.network,1,1,2
com.minicraft.island.coin.adventure,1,1,2
io.goalmanager.app,1,1,2
network.optimai.edgenode,1,1,2
com.room.destory.hsyya.game,1,1,2
com.touchtalent.bobbleapp,1,1,2
com.rahmatrmdn.catin,1,1,2
com.hg.FishEaterPro,1,1,2
com.sorwat.android.teder,1,1,2
id.co.indomobil.myindomobilnissan,1,1,2
com.scanteam.qrcodereader,1,1,2
com.j.todolist,1,1,2
co.id.ajsmsig.cs.simpel,1,1,2
com.afclifescience.afcconnect,1,1,2
com.alibaba.wireless,1,1,2
com.filemanager.managefile.file.explorer.extractfile.fileextractor,1,1,2
com.karolinaaleksandrova.fastramcleaner,1,1,2
com.lagi2mulai.alquranmp327042024,1,1,2
splendid.postermaker.designer,1,1,2
com.azen.manager,1,1,2
com.ioh.satria,1,1,2
com.aveumio,1,1,2
com.summer.mahjong.pair.up,1,1,2
gov.disdukcapilkotabdg.salaman,1,1,2
net.cryptobubbles,1,1,2
com.samsung.app.slowmotion,1,1,2
com.mm.android.direct.gdmssphone,1,1,2
com.aiscanner.mobile,1,1,2
com.jagoledak,1,1,2
com.wondershare.drfoneapp,1,1,2
xyz.hermez.koi,1,1,2
com.email.emailloginallemailconnect,1,1,2
com.jimi.tuqiang.tracksolid,1,1,2
com.ss.android.ugc.aweme,1,1,2
com.app.meego.android,1,1,2
stepcounter.steptracker.pedometer.calorie,1,1,2
acl.datahive.app,1,1,2
com.alphanetwork.alphaminer,1,1,2
com.gdrhrhw.utxdm,1,1,2
com.nusatrip.android,1,1,2
com.orbitrade.android,1,1,2
com.super.drxf,1,1,2
com.codefit.trackerapp,1,1,2
app.market.cashpronto,1,1,2
com.timbailmu.digitaltasbihlite,1,1,2
com.akgame.hokigame,1,1,2
com.playvalve.watersort,1,1,2
com.domino.bossdomino,1,1,2
com.hotplay.matchpuzzle,1,1,2
com.simgames.drag.racing.simulator,1,1,2
com.match3blaster.DropStackBallFall,1,1,2
id.or.aaji.aaji_mobile_exam,1,1,2
recovery.photos.video.allrecovery.app,1,1,2
photoeditor.haircolorideas.haircolorchanger.hairstyles,1,1,2
bg.remove.android,1,1,2
com.antivirus.security.viruscleaner.applock,1,1,2
com.apowersoft.mirror,1,1,2
com.renard.ocr,1,1,2
com.deepvision.shortdrama,1,1,2
com.olympbroker.android,1,1,2
com.turkcell.bip,1,1,2
com.astrapaging.vff,1,1,2
com.flycas.idlan,1,1,2
com.id2hokiwin.ntla8,1,1,2
com.DarkGamesSCB.granma,1,1,2
com.NewFolderGames.IAmMonkey,1,1,2
com.an.wifimaster.showwifipassword.wifianalyzer,1,1,2
com.laboladoapp.labo_brick_train_5y_free,1,1,2
mix.music.djing.remix.song,1,1,2
com.onegame.twoplayergames.versuschallenge,1,1,2
com.id7rpvip4.ntla152,1,1,2
com.bestapp.entertainment.ringsfree,1,1,2
com.fpg.skycar.race,1,1,2
com.hotplay.barinrot.survival,1,1,2
com.lense.loame,1,1,2
easy.pinasnm.tunais,1,1,2
com.studion.mergearena,1,1,2
com.pinjam.duit,1,1,2
com.matahari.loan3,1,1,2
com.bubadu.buildergame,1,1,2
com.rhythmdance.taptile.rt.lite,1,1,2
com.joylife.talkingkitty.runner,1,1,2
women.workout.female.fitness,1,1,2
com.flex.rupiah.pinjam.kredit,1,1,2
com.unicharm.pointprogram,1,1,2
com.pinjamnow.ayogo,1,1,2
com.broxus.sparx.app,1,1,2
com.sony.playmemories.mobile,1,1,2
com.ses.itmoswatch,1,1,2
com.happyfresh.android,1,1,2
com.bukuende.dewdev,1,1,2
vStudio.Android.Camera360,1,1,2
com.indone.trade,1,1,2
com.hi.horror.story.tricky.quest,1,1,2
com.homedesign.restore.asmr.games,1,1,2
com.live.earth3d.gps.satellite.map,1,1,2
com.pinjamin.pinjam.aja,1,1,2
com.gamelemo.dreampianomusictiles,1,1,2
games.taplab.thejourney,1,1,2
com.bedjostudio.kirimwatanpasimpannomor,1,1,2
com.word.game.crossword.brain.puzzle.scapes.connect,1,1,2
puzzle.game.find.differences,1,1,2
com.example.pinjamin,1,1,2
com.cdtg.ragdoll.playground,1,1,2
com.dana.ttttunai.kdl,1,1,2
com.ppptools.video,1,1,2
com.reelsgo.dramashorts.reelshort.film.movie,1,1,2
one.drama.shorts,1,1,2
com.afk.lagusionbaru,1,1,2
com.centerkits.fastmates,1,1,2
com.id2hp777.ntla1229,1,1,2
com.id38728slots.nt8728slots,1,1,2
com.id3joyputar.ntla30,1,1,2
io.getgrass.www,1,1,2
com.lsel.lagusion,1,1,2
id.go.kemenkeu.ekemenkeu,1,1,2
com.zip.unzip.zipextractor.raropener.zipfile,1,1,2
iflix.play,1,1,2
com.caller.sms.trustedcall.app,1,1,2
com.tonhub.wallet,1,1,2
org.labanux.bukuende,1,1,2
com.qualoo.io,1,1,2
com.id2pc777.ntpc777,1,1,2
com.kang.cahya.KtpChecker,1,1,2
com.playvalve.wsjourney,1,1,2
com.fullmetalgamedev.animalraceflyingzoo,1,1,2
com.bigcool.puzzle.fruitgenies,1,1,2
com.eDempoSamsatSumsel.hdt,1,1,2
com.gofive.fashion.stylist.dress.up,1,1,2
com.matryoshka.royal.cooking.kitchen.madness,1,1,2
com.wave.keyboard.theme.fishtankanimatedkeyboard,1,1,2
com.stikerwalucuindo.WAStickerApps,1,1,2
com.stickerstudio.text,1,1,2
com.lacakpaket.app,1,1,2
com.fatsecret.android,1,1,2
com.pawxy.browser,1,1,2
com.wasiladev.FixXOwnerApp,1,1,2
id.astra.hso.starworkshop,1,1,2
id.astra.store,1,1,2
app.paket.mile,1,1,2
com.jpsmobile.unife,1,1,2
id.co.bri.brimola,1,1,2
com.ooredoo.saleshub,1,1,2
com.asianmobile.fontskeyboard,1,1,2
com.quizizz_mobile,1,1,2
com.med.kipinschool,1,1,2
com.app.cerb.mcsgw,1,1,2
id.makmur,1,1,2
com.energysh.onlinecamera1,1,1,2
com.autonavi.minimap,1,1,2
com.oxiwyle.modernage2,1,1,2
com.mobisystems.mobiscanner,1,1,2
com.sim.mysuzuki,1,1,2
com.road.cycling.world.tour.bike.race,1,1,2
com.loancash.creditunion.trading.instant,1,1,2
ru.ee,1,1,2
com.tileblast.crowns,1,1,2
go.id.kkp.portal,1,1,2
com.app.dualcam,1,1,2
com.video.downloader.ttypldre,1,1,2
com.gpscamera.locationstamp,1,1,2
F6bzct.Mf3a2.g9gbc,1,1,2
com.tenda.router.app,1,1,2
net.bukakiosapps,1,1,2
